Player Name,Season,Team,do_or_die,high_5s,raid_points,raidpoints,successful_raids,successful_tackles,super_10s,super_raids,super_takels,tackle_points,total_points
Aashish Nagar,6,U.P. Yoddha,0,0,0,0,0,1,0,0,0,0,1
Abhishek Singh,6,U Mumba,18,0,3,47,38,6,2,1,0,0,53
Abhishek Singh,7,U Mumba,22,0,5,76,66,1,3,1,0,0,77
Abolfazl Maghsodloumahali,4,Patna Pirates,9,0,2,25,18,0,0,0,0,0,25
Abolfazl Maghsodloumahali,5,Dabang Delhi K.C.,26,0,4,91,77,5,0,0,1,0,97
Abolfazl Maghsodloumahali,6,U Mumba,5,0,2,23,19,2,0,2,0,0,25
Abolfazl Maghsodloumahali,7,Gujarat Fortunegiants,1,0,1,5,3,0,0,0,0,0,5
Abozar Mohajermighani,5,Gujarat Fortunegiants,0,2,0,1,0,63,0,0,2,2,66
Abozar Mohajermighani,6,Telugu Titans,0,4,0,0,0,48,0,0,8,2,56
Abozar Mohajermighani,7,Telugu Titans,0,0,0,1,0,25,0,0,2,1,28
Adarsh T,6,Bengal Warriors,0,0,0,2,1,9,0,0,3,1,14
Adarsh T,7,Bengal Warriors,0,0,0,0,0,3,0,0,0,0,3
Adinath Sakharam Gavali,2,Bengaluru Bulls,0,0,0,0,0,1,0,0,0,1,1
Ajay,6,Bengaluru Bulls,0,0,0,0,0,4,0,0,0,0,4
Ajay,7,Bengaluru Bulls,0,0,0,0,0,2,0,0,0,0,2
Ajay Kumar,4,Jaipur Pink Panthers,36,0,4,61,44,0,2,0,0,0,61
Ajay Kumar,5,Bengaluru Bulls,39,0,4,89,70,0,2,2,0,0,89
Ajay Kumar,6,Gujarat Fortunegiants,4,0,2,32,23,1,0,1,0,0,33
Ajay Singh,4,Bengaluru Bulls,0,0,0,0,0,1,0,0,0,1,1
Ajay Thakur,1,Bengaluru Bulls,8,0,8,122,96,5,5,2,0,0,127
Ajay Thakur,2,Bengaluru Bulls,34,0,6,79,56,1,2,6,0,0,80
Ajay Thakur,3,Puneri Paltan,24,0,3,52,41,4,1,2,0,0,56
Ajay Thakur,4,Puneri Paltan,26,0,3,63,41,1,1,0,0,0,64
Ajay Thakur,5,Tamil Thalaivas,30,0,9,213,182,9,12,3,0,0,222
Ajay Thakur,6,Tamil Thalaivas,33,0,9,203,177,1,7,3,0,0,204
Ajay Thakur,7,Tamil Thalaivas,8,0,4,58,47,0,1,2,0,0,58
Ajeet,7,Tamil Thalaivas,0,0,0,0,0,13,0,0,1,1,14
Ajinkya Ashok Pawar,6,Jaipur Pink Panthers,21,0,4,71,57,3,0,1,1,0,75
Ajinkya Ashok Pawar,7,Jaipur Pink Panthers,8,0,1,17,14,0,0,0,0,0,17
Ajinkya Rohidas Kapre,7,U Mumba,0,0,0,1,1,0,0,0,0,0,1
Ajit Singh,5,Jaipur Pink Panthers,7,0,2,23,17,0,0,1,0,0,23
Ajit Singh,6,Jaipur Pink Panthers,2,0,1,9,7,0,0,0,0,0,9
Ajvender Singh,5,U.P. Yoddha,0,0,0,0,0,1,0,0,0,0,1
Akshay Jadhav,5,Puneri Paltan,4,1,0,9,9,10,0,0,2,1,21
Akshay Jadhav,6,Puneri Paltan,5,1,1,28,25,12,0,1,1,0,41
Aman,7,Bengaluru Bulls,0,0,0,0,0,1,0,0,0,0,1
Aman Kadian,7,Dabang Delhi K.C.,0,0,0,2,1,0,0,0,0,0,2
Aman Kumar,2,Patna Pirates,0,0,0,0,0,2,0,0,0,0,2
Amit,6,U.P. Yoddha,0,0,0,0,0,5,0,0,1,0,6
Amit,7,U.P. Yoddha,0,0,0,2,1,16,0,0,2,1,20
Amit Hooda,2,Patna Pirates,1,0,0,5,4,20,0,0,1,1,26
Amit Hooda,3,Patna Pirates,0,0,0,0,0,11,0,0,0,2,11
Amit Hooda,4,Jaipur Pink Panthers,0,3,0,2,0,47,0,0,4,3,53
Amit Hooda,5,Tamil Thalaivas,0,2,0,0,0,55,0,0,6,2,61
Amit Hooda,6,Tamil Thalaivas,0,4,0,2,0,45,0,0,4,2,51
Amit Hooda,7,Jaipur Pink Panthers,0,2,0,0,0,26,0,0,3,2,29
Amit Kharb,6,Gujarat Fortunegiants,0,0,0,0,0,1,0,0,1,0,2
Amit Kumar,2,Puneri Paltan,0,0,0,0,0,1,0,0,0,0,1
Amit Kumar,6,Puneri Paltan,1,1,0,1,1,3,0,1,1,1,4
Amit Kumar,7,Puneri Paltan,2,0,0,3,2,8,0,1,1,1,5
Amit Kumar Tomar,2,Dabang Delhi K.C.,1,0,0,6,3,2,0,0,0,0,8
Amit Nagar,4,Jaipur Pink Panthers,0,0,0,2,1,0,0,0,0,0,2
Amit Nagar,6,Bengal Warriors,4,0,1,15,13,6,0,0,0,0,21
Amit Om Prakash Rathi,2,Puneri Paltan,3,0,2,12,9,0,0,0,0,0,12
Amit Om Prakash Rathi,3,Bengaluru Bulls,11,0,3,30,21,4,0,1,2,0,36
Amit Om Prakash Rathi,4,Bengaluru Bulls,3,0,2,4,3,0,0,0,0,0,4
Amit Sheoran,5,Bengaluru Bulls,0,0,0,0,0,0,0,0,0,0,0
Amit Sheoran,6,Bengaluru Bulls,0,2,0,0,0,36,0,0,2,2,38
Amit Sheoran,7,Bengaluru Bulls,0,2,0,0,0,31,0,0,3,2,33
Amit Singh Chhillar,1,Dabang Delhi K.C.,0,1,0,1,1,26,0,0,3,2,30
Amit Singh Chhillar,2,Dabang Delhi K.C.,0,1,0,0,0,11,0,0,1,2,12
Amit Singh Chhillar,3,Dabang Delhi K.C.,0,0,0,0,0,5,0,0,0,1,5
Amit Singh Chhillar,4,Bengal Warriors,0,0,0,0,0,13,0,0,0,1,13
Anand,6,Tamil Thalaivas,3,0,2,8,7,0,0,0,0,0,8
Anand,7,Tamil Thalaivas,3,0,1,6,3,0,0,1,0,0,6
Anand Patil,5,Dabang Delhi K.C.,7,0,1,33,24,0,0,2,0,0,33
Anand Patil,6,Jaipur Pink Panthers,5,0,1,13,9,0,0,1,0,0,13
Anand Surendra Tomar,6,Haryana Steelers,2,0,1,8,7,1,0,0,0,0,9
Anand V,6,Bengaluru Bulls,3,0,1,3,3,0,0,0,0,0,3
Anil Kashinath Patil,3,Jaipur Pink Panthers,6,0,1,8,6,0,0,0,0,0,8
Anil Kumar,3,Dabang Delhi K.C.,1,0,0,2,2,19,0,0,0,1,21
Anil Kumar,4,Dabang Delhi K.C.,1,0,0,1,1,2,0,0,4,0,2
Anil Kumar,5,Bengal Warriors,0,0,0,1,0,1,0,0,0,0,1
Anil Kumar,6,Tamil Thalaivas,0,1,0,1,0,6,0,0,1,1,7
Anil Kumar,7,Dabang Delhi K.C.,0,0,0,0,0,11,0,0,0,1,11
Anil Shriram Nimbolkar,3,Dabang Delhi K.C.,4,0,2,15,9,2,1,1,2,0,19
Anil Singh,2,Puneri Paltan,0,0,0,0,0,0,0,0,0,0,0
Ankit,6,Bengaluru Bulls,0,0,0,0,0,3,0,0,0,0,3
Ankit,7,Bengaluru Bulls,0,0,0,0,0,3,0,0,1,1,5
Ankit Beniwal,7,Telugu Titans,0,0,1,6,4,1,0,0,0,0,7
Ankush,7,U.P. Yoddha,2,0,0,5,4,1,0,0,0,0,6
Anoop E.V.,2,U Mumba,0,0,0,0,0,2,0,0,0,1,2
Anuj Kumar,6,Telugu Titans,0,0,0,1,1,4,0,0,1,0,6
Anup Kumar,1,U Mumba,13,0,9,155,123,12,10,8,2,0,169
Anup Kumar,2,U Mumba,8,0,5,74,61,6,1,1,1,0,81
Anup Kumar,3,U Mumba,3,0,5,76,63,3,0,3,0,0,79
Anup Kumar,4,U Mumba,3,0,5,72,60,9,0,0,1,0,82
Anup Kumar,5,U Mumba,5,0,5,112,84,19,2,2,4,1,135
Anup Kumar,6,Jaipur Pink Panthers,1,0,2,38,30,12,0,2,0,0,50
Arjun Deshwal,6,U Mumba,0,0,1,4,3,0,0,0,0,0,4
Arjun Deshwal,7,U Mumba,10,0,4,69,53,2,2,2,0,0,71
Armaan,6,Telugu Titans,4,0,3,13,9,1,1,1,1,0,15
Armaan,7,Telugu Titans,2,0,1,9,6,0,0,1,0,0,9
Arun Kumar HN,6,Haryana Steelers,0,0,0,1,1,0,0,0,0,0,1
Arun Kumar HN,7,Haryana Steelers,0,0,0,2,1,0,0,0,0,0,2
Ashish,7,Patna Pirates,1,0,0,5,3,0,0,0,0,0,5
Ashish Chhokar,2,Bengaluru Bulls,3,0,2,12,7,1,0,0,0,0,13
Ashish Chhokar,5,Haryana Steelers,1,0,1,9,6,3,0,1,0,0,12
Ashish Kumar,2,Bengaluru Bulls,1,0,0,2,2,2,0,0,1,0,5
Ashish Kumar,3,Bengaluru Bulls,0,1,0,7,5,25,0,0,0,1,32
Ashish Kumar,4,Bengaluru Bulls,5,1,1,14,11,17,0,0,6,1,37
Ashish Kumar,5,Bengaluru Bulls,4,1,1,17,16,14,0,0,1,0,32
Ashish Kumar,6,Bengaluru Bulls,0,1,0,5,3,37,0,0,3,1,45
Ashish Kumar,7,Bengaluru Bulls,0,0,0,0,0,3,0,0,2,0,5
Ashu Singh,7,U.P. Yoddha,0,0,0,0,0,24,0,0,0,1,24
Athul MS,4,Telugu Titans,4,0,2,8,6,0,0,0,0,0,8
Athul MS,6,Tamil Thalaivas,6,0,3,55,46,1,0,0,0,0,56
Athul MS,7,U Mumba,10,0,3,34,25,0,0,0,0,0,34
Atif Waheed,1,Telugu Titans,0,0,0,0,0,1,0,0,0,0,1
Azad Singh,6,U.P. Yoddha,6,0,2,21,14,2,0,1,0,0,23
Azad Singh,7,U.P. Yoddha,0,0,1,5,3,0,0,0,0,0,5
Babu M,5,Haryana Steelers,0,0,0,0,0,2,0,0,0,1,2
Bajirao Hodage,1,Bengal Warriors,0,0,0,0,0,9,0,0,2,1,11
Bajirao Hodage,2,Bengal Warriors,0,0,0,0,0,13,0,0,0,1,13
Bajirao Hodage,3,Bengal Warriors,0,1,0,0,0,36,0,0,1,2,37
Bajirao Hodage,4,Patna Pirates,0,1,0,0,0,20,0,0,2,1,22
Bajirao Hodage,5,Dabang Delhi K.C.,0,0,0,0,0,11,0,0,0,0,11
Bajirao Hodage,6,Jaipur Pink Panthers,0,0,0,0,0,1,0,0,0,0,1
Balbir Singh,1,Jaipur Pink Panthers,2,0,1,9,7,0,0,0,0,0,9
Balbir Singh,2,Jaipur Pink Panthers,0,0,0,1,0,0,0,0,0,0,1
Baldev Singh,6,Bengal Warriors,0,1,0,1,0,24,0,0,3,1,28
Baldev Singh,7,Bengal Warriors,0,5,0,0,0,39,0,0,5,2,44
Balram,7,Dabang Delhi K.C.,2,0,0,2,1,0,0,0,0,0,2
Banty,7,Bengaluru Bulls,1,0,1,9,7,2,0,0,0,0,11
Bhanu Pratap Tomar,6,U.P. Yoddha,1,0,1,9,6,0,0,0,0,0,9
Bhavani Rajput,5,Tamil Thalaivas,1,0,0,3,1,0,0,0,0,0,3
Bhupender Singh,2,U Mumba,11,1,2,22,18,8,0,1,0,0,30
Bhupender Singh,3,U Mumba,10,0,1,11,8,1,0,0,0,0,12
Bhupender Singh,4,Dabang Delhi K.C.,0,0,0,0,0,0,0,0,0,0,0
Bhupender Singh,5,Bengal Warriors,7,0,1,28,16,0,0,2,0,0,28
Bhupender Singh,6,Bengal Warriors,6,0,2,10,6,2,0,1,1,0,13
Bhuvneshwar Gaur,6,Haryana Steelers,0,0,1,6,3,0,0,0,0,0,6
C Kalai Arasan,6,Gujarat Fortunegiants,0,0,0,0,0,0,0,0,0,0,0
C Manoj Kumar,6,Telugu Titans,1,0,1,10,7,4,0,0,0,0,14
C. Arun,2,Jaipur Pink Panthers,0,0,0,0,0,10,0,0,1,1,11
C. Arun,3,Jaipur Pink Panthers,0,1,0,1,1,12,0,0,5,1,18
C. Arun,4,Bengal Warriors,0,0,0,0,0,14,0,0,1,1,15
C. Arun,5,Tamil Thalaivas,0,1,0,1,0,30,0,0,5,1,36
C. Arun,6,Tamil Thalaivas,0,0,0,0,0,8,0,0,0,0,8
C. Arun,7,Telugu Titans,0,1,0,2,1,15,0,0,3,1,20
CPO Surjeet Singh,3,Dabang Delhi K.C.,6,0,5,68,54,0,5,0,0,0,68
CPO Surjeet Singh,4,Patna Pirates,5,0,3,33,27,4,0,0,0,0,37
CPO Surjeet Singh,5,Haryana Steelers,4,0,3,59,47,4,1,1,0,0,63
CPO Surjeet Singh,6,Tamil Thalaivas,4,0,1,16,10,0,0,1,0,0,16
Chand Singh,7,Haryana Steelers,0,0,0,1,1,3,0,0,1,1,5
Chandran Ranjit,1,Telugu Titans,0,0,1,6,4,0,0,0,0,0,6
Chandran Ranjit,2,Telugu Titans,0,0,0,0,0,1,0,0,0,0,1
Chandran Ranjit,5,Gujarat Fortunegiants,13,0,4,51,43,0,1,3,0,0,51
Chandran Ranjit,6,Dabang Delhi K.C.,16,0,6,153,127,4,3,3,1,0,158
Chandran Ranjit,7,Dabang Delhi K.C.,7,0,5,69,54,3,1,3,1,0,73
D. Gopu,1,Telugu Titans,0,0,0,4,4,20,0,0,3,1,27
D. Gopu,2,Telugu Titans,0,0,0,0,0,9,0,0,0,1,9
D. Gopu,3,Telugu Titans,0,0,0,0,0,1,0,0,0,0,1
D. Gopu,4,Dabang Delhi K.C.,0,1,0,0,0,5,0,0,2,1,7
D. Gopu,6,Tamil Thalaivas,0,0,0,0,0,5,0,0,2,1,7
D. Pradap,5,Tamil Thalaivas,0,0,0,9,6,19,0,0,1,1,29
D. Pradap,6,Tamil Thalaivas,4,0,1,9,5,12,0,0,1,1,22
D. Suresh Kumar,1,Patna Pirates,0,4,0,0,0,24,0,0,4,2,28
D. Suresh Kumar,2,Patna Pirates,0,2,0,0,0,26,0,0,4,1,30
D. Suresh Kumar,3,Patna Pirates,0,0,0,0,0,16,0,0,2,1,18
D. Suresh Kumar,4,Dabang Delhi K.C.,0,0,0,0,0,19,0,0,0,1,19
D. Suresh Kumar,5,U Mumba,0,0,0,0,0,6,0,0,2,1,8
Dadaso Balaso Awad,1,Dabang Delhi K.C.,0,0,0,0,0,4,0,0,1,1,5
Dadaso Balaso Awad,2,Dabang Delhi K.C.,2,0,0,5,4,10,0,0,2,1,17
Darshan J.,5,Tamil Thalaivas,0,1,0,1,0,39,0,0,1,2,41
Darshan J.,6,Tamil Thalaivas,0,0,0,0,0,6,0,0,0,0,6
Darshan Kadian,3,Patna Pirates,0,0,0,0,0,2,0,0,0,1,2
Darshan Kadian,5,U Mumba,10,0,2,33,24,4,0,1,3,0,40
Darshan Kadian,6,U Mumba,14,0,3,49,38,1,1,1,0,0,50
Darshan Kadian,7,Puneri Paltan,0,0,0,2,1,0,0,0,0,0,2
David Shilisia J Mosambayi,5,Haryana Steelers,0,0,1,2,1,0,0,0,0,0,2
David Shilisia J Mosambayi,6,Jaipur Pink Panthers,0,0,1,4,1,0,0,0,0,0,4
Deepak Dhull,2,Bengal Warriors,0,1,0,1,0,10,0,0,1,1,12
Deepak Dhull,3,Bengal Warriors,0,0,0,0,0,1,0,0,0,0,1
Deepak Kumar,2,Bengal Warriors,0,1,0,0,0,4,0,0,1,1,5
Deepak Kumar,3,Bengal Warriors,0,0,0,0,0,3,0,0,1,1,4
Deepak Kumar Dahiya,1,Bengaluru Bulls,9,0,2,19,15,2,0,0,0,0,21
Deepak Kumar Dahiya,2,Bengaluru Bulls,4,0,3,6,3,0,0,0,0,0,6
Deepak Kumar Dahiya,3,Bengaluru Bulls,20,0,3,37,29,0,0,3,0,0,37
Deepak Kumar Dahiya,4,Bengaluru Bulls,5,0,1,12,8,1,0,0,0,0,13
Deepak Kumar Dahiya,5,Haryana Steelers,38,0,4,76,61,2,1,3,0,0,78
Deepak Kumar Dahiya,6,Puneri Paltan,3,0,2,31,26,2,1,1,1,0,34
Deepak Kumar Rathee,3,Bengaluru Bulls,5,0,0,6,4,11,0,1,0,0,17
Deepak Kumar Rathee,5,Haryana Steelers,1,0,0,3,3,3,0,0,1,0,7
Deepak Narwal,2,Patna Pirates,15,0,3,57,45,4,0,1,0,0,61
Deepak Narwal,3,Patna Pirates,6,0,3,31,21,1,1,0,1,0,33
Deepak Narwal,4,Dabang Delhi K.C.,4,0,2,13,8,0,0,0,0,0,13
Deepak Narwal,5,Bengal Warriors,25,0,5,85,71,2,4,1,0,0,87
Deepak Narwal,6,Patna Pirates,9,0,4,70,55,4,3,1,0,0,74
Deepak Narwal,7,Jaipur Pink Panthers,10,0,2,37,32,1,0,0,0,0,38
Deepak Niwas Hooda,1,Telugu Titans,8,0,6,87,72,2,3,3,0,0,89
Deepak Niwas Hooda,2,Telugu Titans,8,3,4,60,54,32,1,1,4,2,96
Deepak Niwas Hooda,3,Puneri Paltan,21,0,5,69,62,7,1,0,0,0,76
Deepak Niwas Hooda,4,Puneri Paltan,34,0,7,126,108,4,2,0,0,0,130
Deepak Niwas Hooda,5,Puneri Paltan,47,0,7,172,127,13,7,8,1,0,186
Deepak Niwas Hooda,6,Jaipur Pink Panthers,23,1,8,196,162,11,10,4,1,0,208
Deepak Niwas Hooda,7,Jaipur Pink Panthers,18,0,6,99,78,7,4,2,1,0,107
Deepak Yadav,5,U Mumba,0,0,0,0,0,7,0,0,1,2,8
Dharmaraj Cheralathan,1,Bengaluru Bulls,3,2,1,13,8,34,0,0,5,2,52
Dharmaraj Cheralathan,2,Bengaluru Bulls,2,2,1,19,15,41,0,0,1,2,61
Dharmaraj Cheralathan,3,Telugu Titans,1,2,0,6,3,28,0,0,3,2,37
Dharmaraj Cheralathan,4,Patna Pirates,0,4,0,2,2,31,0,0,8,2,41
Dharmaraj Cheralathan,5,Puneri Paltan,0,0,0,0,0,24,0,0,1,1,25
Dharmaraj Cheralathan,6,U Mumba,0,1,0,0,0,37,0,0,3,1,40
Dharmaraj Cheralathan,7,Haryana Steelers,0,1,0,2,1,30,0,0,3,2,35
Dharmender,6,Gujarat Fortunegiants,0,0,1,5,2,0,0,1,0,0,5
Dinesh Kumar,2,Bengal Warriors,4,0,2,19,17,0,0,0,0,0,19
Dong Geon Lee,5,Tamil Thalaivas,13,0,1,29,24,0,0,0,0,0,29
Dong Geon Lee,6,Gujarat Fortunegiants,0,0,2,31,22,0,1,1,0,0,31
Dong Geon Lee,7,U Mumba,4,0,2,10,7,0,0,0,0,0,10
Dong Ju Hong,1,"Bengaluru Bulls, Dabang Delhi K.C.",0,0,0,1,1,0,0,0,0,0,1
Dong Ju Hong,5,"Bengaluru Bulls, U Mumba",0,0,0,1,0,0,0,0,0,0,1
Dovlet Boshimov,1,Patna Pirates,1,0,0,4,3,0,0,0,0,0,4
E Subash,5,U Mumba,0,0,0,0,0,2,0,0,1,1,3
E Subash,6,U Mumba,0,0,0,0,0,1,0,0,0,0,1
Ehsan Zamani Fard,1,Dabang Delhi K.C.,0,0,0,4,3,2,0,0,0,0,6
Elangeshwaran R,5,Telugu Titans,4,0,2,12,7,2,0,1,2,0,16
Elavarasan A,7,Jaipur Pink Panthers,0,0,0,0,0,3,0,0,1,1,4
Emad Sedaghatnia,7,Puneri Paltan,0,0,0,1,1,0,0,0,0,0,1
Farhad Kamal Gharibi,1,Bengal Warriors,0,0,0,0,0,1,0,0,1,0,2
Farhad Rahimi Milaghardan,5,Telugu Titans,1,0,0,6,5,22,0,0,0,1,28
Farhad Rahimi Milaghardan,6,Telugu Titans,3,1,1,22,17,21,0,0,4,1,47
Farhad Rahimi Milaghardan,7,Telugu Titans,3,0,1,17,15,22,0,0,0,1,39
Fazel Atrachali,2,U Mumba,0,1,0,1,1,9,0,0,2,2,12
Fazel Atrachali,3,U Mumba,0,2,0,1,0,32,0,0,0,2,33
Fazel Atrachali,4,Patna Pirates,0,4,0,0,0,45,0,0,7,3,52
Fazel Atrachali,5,Gujarat Fortunegiants,0,4,0,0,0,54,0,0,3,2,57
Fazel Atrachali,6,U Mumba,0,6,0,0,0,80,0,0,3,3,83
Fazel Atrachali,7,U Mumba,0,2,0,2,1,47,0,0,3,3,52
G.S. Manikandan,2,Dabang Delhi K.C.,0,0,0,0,0,9,0,0,1,0,10
G.S. Manikandan,3,Dabang Delhi K.C.,0,0,0,0,0,1,0,0,0,0,1
Gangadhari Mallesh,1,Jaipur Pink Panthers,1,0,1,13,10,3,0,0,0,0,16
Gangadhari Mallesh,2,Jaipur Pink Panthers,3,0,0,3,2,6,0,0,2,0,11
Gangadhari Mallesh,3,Jaipur Pink Panthers,1,0,0,1,1,8,0,0,1,0,10
Gangadhari Mallesh,6,Jaipur Pink Panthers,1,0,0,2,1,1,0,0,1,0,4
Gaurav Kumar,6,U Mumba,0,0,0,2,2,0,0,0,0,0,2
Girish Maruti Ernak,1,Patna Pirates,0,1,0,2,2,22,0,0,1,1,25
Girish Maruti Ernak,2,Patna Pirates,0,1,0,0,0,26,0,0,1,2,27
Girish Maruti Ernak,3,Bengal Warriors,0,3,0,1,0,33,0,0,0,3,34
Girish Maruti Ernak,4,Bengal Warriors,0,1,0,0,0,23,0,0,2,2,25
Girish Maruti Ernak,5,Puneri Paltan,1,5,0,5,1,61,0,1,3,3,69
Girish Maruti Ernak,6,Puneri Paltan,0,4,0,1,0,52,0,0,4,2,57
Girish Maruti Ernak,7,Puneri Paltan,0,1,0,0,0,19,0,0,3,2,22
Gnanasekaran M,3,Dabang Delhi K.C.,0,0,1,5,3,1,0,0,1,0,7
Gokul Shitole,1,Jaipur Pink Panthers,0,0,0,0,0,2,0,0,0,0,2
Gulveer Singh,5,U.P. Yoddha,0,0,0,3,1,0,0,0,0,0,3
Gurchet Singh,1,Bengaluru Bulls,0,0,0,1,1,3,0,0,0,0,4
Gurpreet Singh,1,Bengaluru Bulls,1,1,0,2,1,24,0,0,1,1,27
Gurpreet Singh,2,Bengaluru Bulls,0,0,0,0,0,1,0,0,0,0,1
Gurvinder Singh,1,"Bengaluru Bulls, Patna Pirates",3,0,1,9,6,3,0,0,1,0,13
Gurvinder Singh,2,Patna Pirates,19,0,2,44,34,5,1,1,0,0,49
Gurvinder Singh,3,Patna Pirates,1,0,0,4,2,2,0,0,0,0,6
Gurvinder Singh,4,"Bengaluru Bulls, U Mumba",2,0,0,4,4,0,0,0,0,0,4
Gurvinder Singh,5,Bengaluru Bulls,5,0,1,17,10,5,0,1,0,0,5
Gurvinder Singh,7,Gujarat Fortunegiants,0,0,2,4,3,0,0,0,0,0,4
Hadi Oshtorak,2,Telugu Titans,0,1,0,0,0,6,0,0,1,1,7
Hadi Oshtorak,3,Patna Pirates,0,0,0,0,0,17,0,0,1,1,18
Hadi Oshtorak,4,Patna Pirates,0,1,0,1,0,9,0,0,3,1,13
Hadi Oshtorak,5,U Mumba,0,0,0,0,0,17,0,0,3,1,20
Hadi Oshtorak,6,Gujarat Fortunegiants,3,0,1,6,4,12,0,0,0,0,18
Hadi Oshtorak,7,Patna Pirates,0,1,0,3,1,22,0,0,6,1,31
Hadi Tajik,4,Dabang Delhi K.C.,0,0,0,0,0,1,0,0,0,0,1
Hadi Tajik,5,U.P. Yoddha,1,0,0,4,2,5,0,0,0,0,9
Hadi Tajik,6,U Mumba,0,0,0,0,0,0,0,0,0,0,0
Hadi Tajik,7,Puneri Paltan,0,0,0,1,1,8,0,0,1,1,10
Hardeep Duhan,3,Bengaluru Bulls,0,0,0,0,0,1,0,0,0,0,1
Harendra Kumar,7,U Mumba,0,1,0,0,0,12,0,0,1,1,13
Harish Naik,5,Bengaluru Bulls,6,0,1,24,20,0,1,0,0,0,24
Harish Naik,6,Bengaluru Bulls,0,0,3,21,14,0,0,0,0,0,21
Harmanjit Singh,7,Gujarat Fortunegiants,0,0,2,4,4,0,0,0,0,0,4
Harvinder Singh,2,Puneri Paltan,0,0,0,0,0,7,0,0,1,2,8
Hyunil Park,2,Telugu Titans,0,0,0,2,1,1,0,0,0,0,3
Inderpal Bishnoi,2,Dabang Delhi K.C.,0,0,0,1,1,0,0,0,0,0,1
Isac Antony,2,Telugu Titans,1,0,1,10,9,4,0,0,0,0,14
Isac Antony,3,Telugu Titans,1,0,0,1,1,0,0,0,0,0,1
Jadhav Balasaheb Shahaji,7,Puneri Paltan,0,1,0,0,0,18,0,0,3,1,21
Jagdeesha K.K.,3,Jaipur Pink Panthers,0,0,0,0,0,5,0,0,0,0,5
Jaideep,5,Patna Pirates,0,5,0,0,0,66,0,0,5,2,71
Jaideep,6,Patna Pirates,0,4,0,0,0,56,0,0,2,2,58
Jaideep,7,Patna Pirates,0,3,0,0,0,38,0,0,3,2,41
Jang Kun Lee,1,Bengal Warriors,10,0,5,55,39,2,2,5,0,0,57
Jang Kun Lee,2,Bengal Warriors,15,0,3,48,36,2,1,3,0,0,50
Jang Kun Lee,3,Bengal Warriors,33,0,5,79,64,9,2,2,2,0,90
Jang Kun Lee,4,Bengal Warriors,13,0,5,61,49,4,2,0,0,0,65
Jang Kun Lee,5,Bengal Warriors,8,0,4,89,80,0,0,0,0,0,89
Jang Kun Lee,6,Bengal Warriors,7,0,4,79,61,2,2,2,1,0,82
Jang Kun Lee,7,Patna Pirates,9,0,2,25,22,1,0,0,0,0,26
Jasmer Singh Gulia,1,"Bengaluru Bulls, Dabang Delhi K.C.",2,0,0,7,7,36,0,0,2,2,45
Jasmer Singh Gulia,2,Dabang Delhi K.C.,0,0,0,0,0,2,0,0,0,0,2
Jasmer Singh Gulia,3,Puneri Paltan,0,4,0,0,0,41,0,0,5,2,46
Jasmer Singh Gulia,4,"Bengaluru Bulls, Telugu Titans",0,1,0,0,0,19,0,0,0,1,19
Jasmer Singh Gulia,6,Bengaluru Bulls,0,0,0,0,0,4,0,0,0,0,4
Jasvir Singh,1,Jaipur Pink Panthers,9,0,7,106,83,6,2,2,1,0,113
Jasvir Singh,2,Jaipur Pink Panthers,7,0,4,64,52,8,0,0,2,0,74
Jasvir Singh,3,Jaipur Pink Panthers,12,0,6,25,15,0,1,2,0,0,25
Jasvir Singh,4,Jaipur Pink Panthers,17,0,5,82,64,4,2,0,2,0,88
Jasvir Singh,5,Jaipur Pink Panthers,14,0,4,61,49,3,2,3,2,0,66
Jasvir Singh,6,Tamil Thalaivas,2,0,2,42,32,4,0,0,0,0,46
Jawahar Dagar,4,Jaipur Pink Panthers,0,0,0,0,0,2,0,0,0,0,2
Jawahar Dagar,5,Patna Pirates,1,0,0,6,3,26,0,0,3,1,35
Jawahar Dagar,6,Patna Pirates,0,2,0,3,1,17,0,0,3,1,23
Jawahar Dagar,7,Patna Pirates,0,0,0,0,0,4,0,0,0,0,4
Jay Bahadur Bohara,3,Dabang Delhi K.C.,2,0,0,2,1,0,0,0,0,0,2
Jeeva Gopal,1,U Mumba,0,0,0,0,0,6,0,0,0,0,6
Jeeva Gopal,2,U Mumba,0,0,0,0,0,1,0,0,0,0,1
Jeeva Gopal,4,Bengaluru Bulls,0,0,0,0,0,0,0,0,0,0,0
Jeeva Gopal,5,Haryana Steelers,0,0,0,0,0,3,0,0,2,0,5
Jeeva Kumar,1,U Mumba,0,0,0,0,0,16,0,0,0,1,16
Jeeva Kumar,2,U Mumba,0,3,0,1,1,31,0,0,7,2,39
Jeeva Kumar,3,U Mumba,0,0,0,0,0,30,0,0,1,1,31
Jeeva Kumar,4,U Mumba,0,0,0,0,0,24,0,0,2,1,26
Jeeva Kumar,5,U.P. Yoddha,0,1,0,0,0,37,0,0,7,2,44
Jeeva Kumar,6,U.P. Yoddha,0,1,0,0,0,36,0,0,4,2,40
Jeeva Kumar,7,Bengal Warriors,0,0,0,0,0,25,0,0,1,1,26
Jishnu,2,Telugu Titans,0,0,0,0,0,1,0,0,0,0,1
Jitesh Joshi,1,Puneri Paltan,10,2,2,40,31,11,0,0,2,0,53
Jitesh Joshi,2,Puneri Paltan,5,0,2,13,12,3,0,0,0,0,16
Joginder Singh Narwal,2,Bengaluru Bulls,0,0,0,0,0,30,0,0,0,2,30
Joginder Singh Narwal,4,Puneri Paltan,1,0,0,4,3,32,0,0,2,2,38
Joginder Singh Narwal,5,U Mumba,0,0,0,0,0,9,0,0,0,1,9
Joginder Singh Narwal,6,Dabang Delhi K.C.,0,1,0,0,0,47,0,0,4,2,51
Joginder Singh Narwal,7,Dabang Delhi K.C.,0,1,0,0,0,33,0,0,4,2,37
K. Prapanjan,2,U Mumba,2,0,1,5,3,2,0,0,0,0,7
K. Prapanjan,3,U Mumba,1,0,0,2,1,0,0,0,0,0,2
K. Prapanjan,4,Telugu Titans,9,0,1,12,10,0,0,0,0,0,12
K. Prapanjan,5,Tamil Thalaivas,34,0,5,123,104,1,3,2,0,0,124
K. Prapanjan,6,Gujarat Fortunegiants,23,0,5,122,95,1,4,1,0,0,123
K. Prapanjan,7,Bengal Warriors,10,0,5,87,64,2,3,3,0,0,89
Kalimuthu Balamahendran,1,Puneri Paltan,0,0,1,12,8,14,0,1,6,1,32
Kalimuthu Balamahendran,2,Puneri Paltan,5,0,3,6,2,5,0,1,0,0,11
Kamal Kishor Jat,5,Jaipur Pink Panthers,0,0,0,0,0,0,0,0,0,0,0
Kamal Singh,6,Telugu Titans,3,0,2,13,7,1,0,0,1,0,15
Kamal Singh,7,Telugu Titans,0,0,0,0,0,2,0,0,0,0,2
Kashiling Adake,1,"Bengaluru Bulls, Dabang Delhi K.C.",18,0,8,113,92,8,5,3,1,0,122
Kashiling Adake,2,Dabang Delhi K.C.,20,0,8,114,87,3,3,7,0,0,117
Kashiling Adake,3,Dabang Delhi K.C.,9,0,6,75,55,3,1,3,0,0,78
Kashiling Adake,4,"Bengaluru Bulls, Dabang Delhi K.C.",17,0,6,78,58,8,2,0,3,0,89
Kashiling Adake,5,"Bengaluru Bulls, U Mumba",27,0,5,114,81,7,3,4,1,0,122
Kashiling Adake,6,Bengaluru Bulls,12,0,3,67,51,15,1,3,2,0,84
Kazuhiro Takano,2,Jaipur Pink Panthers,0,0,0,1,1,0,0,0,0,0,1
Kedar Lal,2,Bengal Warriors,9,0,1,12,7,1,0,1,0,0,13
Kiran A,1,Telugu Titans,0,0,0,0,0,0,0,0,0,0,0
Krushna Madane,6,Telugu Titans,0,0,0,1,1,11,0,0,0,1,12
Krushna Madane,7,Telugu Titans,0,0,0,0,0,3,0,0,0,0,3
Kuldeep,5,Bengal Warriors,0,0,0,0,0,2,0,0,0,0,2
Kuldeep Singh,1,"Bengaluru Bulls, Patna Pirates",0,0,0,0,0,4,0,0,1,1,5
Kuldeep Singh,2,Jaipur Pink Panthers,6,2,2,28,20,30,0,1,4,2,62
Kuldeep Singh,3,Jaipur Pink Panthers,1,1,0,7,5,3,0,0,3,1,3
Kuldeep Singh,4,Patna Pirates,0,2,0,8,7,29,0,0,5,2,42
Kuldeep Singh,5,Bengaluru Bulls,0,1,1,1,7,6,0,1,1,1,8
Kuldeep Singh,6,Haryana Steelers,0,2,0,0,0,8,0,0,2,1,10
Kuldeep Singh,7,Haryana Steelers,0,0,0,0,0,6,0,0,0,0,6
Lalit Chaudhary,6,Gujarat Fortunegiants,0,0,1,3,1,3,0,0,1,0,7
Lalit Chaudhary,7,Gujarat Fortunegiants,0,0,0,2,1,0,0,0,0,0,2
Lokesh Kaushik,6,Jaipur Pink Panthers,0,0,0,2,2,2,0,0,0,0,4
M. Abishek,7,Tamil Thalaivas,0,0,0,0,0,1,0,0,0,0,1
M. Thivakaran,5,Tamil Thalaivas,8,0,1,14,11,2,0,0,0,0,16
Mahender Singh,5,Bengaluru Bulls,0,3,0,1,1,52,0,0,5,2,58
Mahender Singh,6,Bengaluru Bulls,0,6,0,0,0,62,0,0,1,2,63
Mahender Singh,7,Bengaluru Bulls,0,3,0,0,0,37,0,0,7,3,44
Mahendra Ganesh Rajput,1,Bengal Warriors,2,0,2,21,17,0,0,0,0,0,21
Mahendra Ganesh Rajput,2,Bengal Warriors,18,0,4,55,37,1,2,3,0,0,56
Mahendra Ganesh Rajput,3,Bengal Warriors,12,0,2,19,17,5,0,0,2,0,26
Mahendra Ganesh Rajput,4,Bengal Warriors,0,0,0,0,0,0,0,0,0,0,0
Mahendra Ganesh Rajput,5,Gujarat Fortunegiants,15,0,3,57,43,5,0,3,0,0,62
Mahendra Ganesh Rajput,6,Gujarat Fortunegiants,0,0,2,28,18,2,0,3,0,0,30
Mahesh Goud,1,Bengal Warriors,5,0,3,51,40,8,0,1,0,0,59
Mahesh Goud,2,Bengal Warriors,2,0,3,3,3,0,0,0,0,0,3
Mahesh Goud,3,Bengal Warriors,12,0,2,33,30,1,0,0,0,0,34
Mahesh Goud,4,Patna Pirates,1,0,0,5,4,0,0,0,0,0,5
Mahesh Goud,5,U.P. Yoddha,8,0,1,35,30,4,0,0,3,0,42
Mahesh Goud,6,Bengal Warriors,11,0,3,38,26,8,0,3,0,0,46
Mahesh Maruti Magdum,6,Bengaluru Bulls,2,0,2,7,5,0,0,0,0,0,7
Mahipal Narwal,1,Puneri Paltan,5,0,4,24,16,7,1,2,0,1,31
Mahipal Narwal,2,Puneri Paltan,4,0,1,15,13,6,0,0,0,0,21
Mahipal Narwal,3,Patna Pirates,1,0,1,5,3,8,0,0,0,2,13
Mahipal Narwal,4,Jaipur Pink Panthers,4,0,1,13,8,7,0,0,2,0,22
Mandeep Kumar,1,Patna Pirates,0,0,1,5,2,0,0,1,0,0,5
Mangesh Bhagat,1,Puneri Paltan,6,0,3,27,19,1,0,0,0,0,28
Maninder Singh,1,Jaipur Pink Panthers,22,0,8,130,103,6,5,3,1,0,137
Maninder Singh,5,Bengal Warriors,22,0,9,190,154,2,9,6,0,0,192
Maninder Singh,6,Bengal Warriors,34,0,9,206,158,0,9,6,0,0,206
Maninder Singh,7,Bengal Warriors,19,0,8,138,118,0,6,4,0,0,138
Manish,5,Patna Pirates,0,0,0,0,0,17,0,0,5,0,22
Manish,6,Patna Pirates,0,0,0,0,0,13,0,0,2,0,15
Manjeet,6,Patna Pirates,17,0,3,87,76,14,2,3,1,0,102
Manjeet,7,Puneri Paltan,16,0,4,69,56,22,1,2,1,1,92
Manjeet Chhillar,1,Bengaluru Bulls,7,3,4,71,53,51,2,2,0,3,122
Manjeet Chhillar,2,Bengaluru Bulls,4,3,4,67,60,39,0,0,1,2,107
Manjeet Chhillar,3,Puneri Paltan,6,5,3,45,37,56,0,2,5,4,106
Manjeet Chhillar,4,Puneri Paltan,2,5,2,24,20,43,0,0,1,3,68
Manjeet Chhillar,5,Jaipur Pink Panthers,0,3,0,5,4,46,0,0,1,3,52
Manjeet Chhillar,6,Tamil Thalaivas,0,2,0,8,5,54,0,0,5,3,67
Manjeet Chhillar,7,Tamil Thalaivas,0,2,0,3,0,33,0,0,2,2,38
Manoj Dhull,2,Puneri Paltan,0,0,0,0,0,13,0,0,0,1,13
Manoj Dhull,4,U Mumba,0,0,0,0,0,1,0,0,0,0,1
Manoj Dhull,5,Jaipur Pink Panthers,0,0,0,0,0,6,0,0,0,0,6
Manoj Dhull,6,Bengal Warriors,0,0,0,0,0,3,0,0,1,0,4
Manoj Kumar,1,Puneri Paltan,0,0,1,22,14,17,0,2,3,1,42
Manoj Kumar,2,Puneri Paltan,0,1,0,3,2,13,0,0,4,1,20
Manoj Kumar,3,Telugu Titans,0,1,0,0,0,13,0,0,4,1,17
Manoj Kumar,4,Bengaluru Bulls,0,0,0,0,0,4,0,0,0,0,4
Manoj Kumar,5,Gujarat Fortunegiants,0,0,0,0,0,1,0,0,0,0,1
Manpreet Singh,3,Patna Pirates,4,0,1,24,20,5,0,0,0,0,29
Mayur Shivtarkar,5,Haryana Steelers,5,0,1,5,5,1,0,0,0,0,6
Mayur Shivtarkar,6,Haryana Steelers,0,0,0,4,1,19,0,0,0,1,23
Mayur Shivtarkar,7,Bengal Warriors,0,0,0,0,0,4,0,0,0,0,4
Md. Aruduzzaman Munshi,1,U Mumba,0,0,0,2,2,0,0,0,0,0,2
Md. Masud Karim,6,U.P. Yoddha,1,0,0,3,2,0,0,0,0,0,3
Meraj Sheykh,2,Telugu Titans,2,0,2,29,18,9,1,3,0,0,38
Meraj Sheykh,3,Telugu Titans,11,0,1,27,20,18,0,0,3,1,48
Meraj Sheykh,4,Dabang Delhi K.C.,22,0,4,63,42,9,0,0,3,0,75
Meraj Sheykh,5,Dabang Delhi K.C.,31,0,4,96,76,8,2,3,0,0,104
Meraj Sheykh,6,Dabang Delhi K.C.,25,0,4,94,71,3,2,6,0,0,97
Meraj Sheykh,7,Dabang Delhi K.C.,4,0,2,29,21,1,1,1,0,0,30
Mithin Kumar,6,Bengal Warriors,2,0,1,3,2,0,0,0,0,0,3
Mohammad Esmaeil Maghsoudlou Mahalli,7,Patna Pirates,6,0,2,28,23,5,0,0,2,0,35
Mohammad Esmaeil Nabibakhsh,7,Bengal Warriors,7,1,3,62,48,22,1,3,2,1,86
Mohammad Maghshoudulu,2,Jaipur Pink Panthers,0,0,0,1,1,0,0,0,0,0,1
Mohammad Maghshoudulu,3,Jaipur Pink Panthers,9,0,1,13,8,1,0,0,0,0,14
Mohammad Taghi Paein Mahali,7,Bengal Warriors,0,0,0,0,0,1,0,0,0,0,1
Mohan Raman G,5,U Mumba,1,0,2,8,4,0,0,0,0,0,8
Mohit Chhillar,1,U Mumba,0,2,0,1,1,30,0,0,5,2,36
Mohit Chhillar,2,U Mumba,0,3,0,0,0,39,0,0,3,3,42
Mohit Chhillar,3,U Mumba,0,6,0,0,0,44,0,0,2,3,46
Mohit Chhillar,4,Bengaluru Bulls,0,4,0,3,1,44,0,0,3,3,50
Mohit Chhillar,5,Haryana Steelers,0,2,0,3,1,35,0,0,4,1,42
Mohit Chhillar,6,Jaipur Pink Panthers,0,0,0,0,0,28,0,0,3,2,31
Mohit Chhillar,7,Tamil Thalaivas,0,1,0,0,0,30,0,0,2,2,32
Mohit Sehrawat,7,Bengaluru Bulls,3,1,0,5,4,9,0,0,2,1,16
Mohsen Maghsoudloujafari,5,Telugu Titans,21,0,2,41,26,5,1,2,1,0,47
Mohsen Maghsoudloujafari,6,Telugu Titans,4,0,1,29,25,25,0,0,2,1,56
Mohsen Maghsoudloujafari,7,U.P. Yoddha,2,0,0,4,3,2,0,0,1,0,7
Monu,5,Puneri Paltan,6,1,1,19,15,29,0,1,1,1,49
Monu,6,Puneri Paltan,14,0,3,45,38,10,0,1,2,0,57
Monu,7,Patna Pirates,2,0,0,9,8,16,0,0,7,1,32
Monu Goyat,4,Bengal Warriors,18,0,4,59,52,3,0,0,1,0,63
Monu Goyat,5,Patna Pirates,45,0,7,191,159,10,9,4,1,0,202
Monu Goyat,6,Haryana Steelers,5,0,8,160,128,4,10,3,0,0,164
Monu Goyat,7,U.P. Yoddha,5,0,4,43,38,2,1,0,1,0,46
More GB,5,Puneri Paltan,8,0,2,14,13,2,0,0,0,0,16
More GB,6,Puneri Paltan,15,0,3,79,60,10,2,1,2,0,91
More GB,7,Gujarat Fortunegiants,10,0,2,33,27,16,0,0,1,1,50
Munish,5,Telugu Titans,0,0,0,1,0,0,0,0,0,0,1
Muruthu M,5,Tamil Thalaivas,0,0,0,0,0,3,0,0,0,1,3
N. Renjith,5,U Mumba,0,0,0,0,0,10,0,0,2,1,12
N. Shiva Ramakrishna,6,Jaipur Pink Panthers,0,0,0,0,0,1,0,0,1,0,2
Narender,6,U.P. Yoddha,0,2,0,0,0,37,0,0,5,1,42
Narender,7,U.P. Yoddha,0,0,0,0,0,0,0,0,0,0,0
Naveen,6,Haryana Steelers,18,0,4,88,71,12,1,4,2,0,102
Naveen,7,Haryana Steelers,10,0,4,51,39,2,1,1,0,0,53
Naveen Kumar,6,Dabang Delhi K.C.,26,0,7,172,144,4,8,3,1,0,177
Naveen Kumar,7,Dabang Delhi K.C.,22,0,12,174,147,1,13,1,0,0,175
Naveen Narwal,7,Bengal Warriors,0,0,0,0,0,1,0,0,0,0,1
Navjot Singh,3,Dabang Delhi K.C.,0,0,0,0,0,1,0,0,0,0,1
Navneet Gautam,1,Jaipur Pink Panthers,0,1,0,0,0,16,0,0,1,1,17
Navneet Gautam,2,Jaipur Pink Panthers,0,0,0,0,0,1,0,0,0,0,1
Navneet Gautam,3,Jaipur Pink Panthers,0,0,0,1,0,3,0,0,0,0,4
Navneet Gautam,5,Jaipur Pink Panthers,0,0,0,0,0,0,0,0,0,0,0
Neeraj Kumar,5,Haryana Steelers,0,0,0,0,0,12,0,0,1,0,13
Neeraj Kumar,7,Patna Pirates,0,2,0,0,0,33,0,0,2,2,35
Nilesh Salunke,3,Puneri Paltan,6,0,2,10,5,0,0,1,0,0,10
Nilesh Salunke,4,Telugu Titans,18,0,4,61,47,1,1,0,0,0,62
Nilesh Salunke,5,Telugu Titans,22,0,4,98,78,5,3,2,2,0,105
Nilesh Salunke,6,Telugu Titans,23,0,4,81,59,4,0,4,0,0,85
Nilesh Salunke,7,Jaipur Pink Panthers,7,0,1,25,18,2,0,0,0,0,27
Nilesh Shinde,1,Bengal Warriors,0,2,1,7,5,25,0,0,3,2,35
Nilesh Shinde,2,Bengal Warriors,1,1,0,3,1,21,0,0,6,2,30
Nilesh Shinde,3,Bengal Warriors,0,1,0,2,2,30,0,0,4,2,36
Nilesh Shinde,4,Bengal Warriors,0,0,0,2,1,26,0,0,0,2,28
Nilesh Shinde,5,Dabang Delhi K.C.,1,3,0,4,2,19,0,0,1,1,24
Nirbhay Narwal,3,Bengaluru Bulls,1,0,0,1,1,1,0,0,0,0,2
Nitesh Kumar,5,U.P. Yoddha,0,4,0,0,0,46,0,0,1,2,47
Nitesh Kumar,6,U.P. Yoddha,0,8,0,1,0,92,0,0,8,4,101
Nitesh Kumar,7,U.P. Yoddha,0,2,0,1,0,34,0,0,5,2,40
Nithesh B R,6,Bengaluru Bulls,0,0,0,0,0,1,0,0,0,0,1
Nitin Kumar,4,U Mumba,1,0,0,1,1,0,0,0,0,0,1
Nitin Madane,1,Bengal Warriors,8,0,8,101,78,4,5,3,2,0,107
Nitin Madane,4,Bengal Warriors,22,0,3,51,43,1,1,0,1,0,53
Nitin Madane,5,U Mumba,3,0,1,13,11,0,0,0,0,0,13
Nitin More,1,Puneri Paltan,0,1,0,0,0,12,0,0,0,1,12
Nitin More,2,Puneri Paltan,0,0,0,0,0,2,0,0,0,0,2
Nitin More,3,Bengal Warriors,0,0,0,0,0,5,0,0,0,0,5
Nitin Rawal,5,Jaipur Pink Panthers,21,0,3,65,49,19,2,4,1,0,85
Nitin Rawal,6,Jaipur Pink Panthers,6,0,3,25,19,5,0,1,1,0,31
Nitin Rawal,7,Jaipur Pink Panthers,8,1,2,32,23,11,0,1,3,1,46
Nitin Tomar,3,Bengal Warriors,5,0,7,77,68,3,2,1,1,0,81
Nitin Tomar,4,Puneri Paltan,11,0,2,33,30,1,0,0,0,0,34
Nitin Tomar,5,U.P. Yoddha,23,0,8,167,135,9,7,7,1,0,177
Nitin Tomar,6,Puneri Paltan,13,0,9,100,84,2,4,1,0,0,102
Nitin Tomar,7,Puneri Paltan,0,0,4,32,28,2,0,0,0,0,34
PO Surjeet Singh,3,Puneri Paltan,0,5,0,1,1,47,0,0,1,4,49
PO Surjeet Singh,4,U Mumba,0,2,0,0,0,33,0,0,4,2,37
PO Surjeet Singh,5,Bengal Warriors,0,9,0,3,3,72,0,0,4,3,79
PO Surjeet Singh,6,Bengal Warriors,0,4,0,3,2,52,0,0,2,2,57
PO Surjeet Singh,7,Puneri Paltan,0,3,0,2,1,29,0,0,5,2,36
Palle Mallikarjun,7,Telugu Titans,0,0,0,2,2,0,0,0,0,0,2
Pankaj,5,U.P. Yoddha,0,0,0,0,0,16,0,0,0,1,16
Pankaj,6,U.P. Yoddha,0,0,0,0,0,1,0,0,0,0,1
Pankaj,7,Gujarat Fortunegiants,0,1,0,0,0,9,0,0,0,3,9
Pankaj Mohite,7,Puneri Paltan,17,0,5,63,49,1,1,1,0,0,64
Pardeep Kandola,5,Bengaluru Bulls,0,0,0,0,0,0,0,0,0,0,0
Pardeep Narwal,2,Bengaluru Bulls,4,0,1,9,7,0,0,1,0,0,9
Pardeep Narwal,3,Patna Pirates,25,0,7,116,83,5,5,10,0,0,121
Pardeep Narwal,4,Patna Pirates,23,0,8,131,100,1,5,0,1,0,133
Pardeep Narwal,5,Patna Pirates,29,0,14,369,271,0,19,18,0,0,369
Pardeep Narwal,6,Patna Pirates,17,0,11,233,185,0,15,6,0,0,233
Pardeep Narwal,7,Patna Pirates,32,0,11,172,137,0,9,8,0,0,172
Parmod Narwal,1,Bengaluru Bulls,1,0,1,13,10,20,0,0,3,1,36
Parmod Narwal,3,Bengaluru Bulls,0,0,0,0,0,2,0,0,0,0,2
Parmod Narwal,4,Puneri Paltan,1,0,1,8,3,1,0,0,0,0,9
Parmod Narwal,5,Haryana Steelers,0,0,0,0,0,2,0,0,0,0,2
Parveen,6,Haryana Steelers,0,1,0,3,1,20,0,0,5,1,28
Parveen,7,Haryana Steelers,0,0,0,0,0,3,0,0,1,0,4
Parveen Kumar,1,Bengal Warriors,0,0,0,0,0,2,0,0,1,0,3
Parveen M. Jangra,2,Bengal Warriors,0,0,0,1,1,5,0,0,0,0,6
Parveen Narwal,4,Jaipur Pink Panthers,0,0,0,1,1,0,0,0,0,0,1
Parvesh,6,Puneri Paltan,1,0,1,7,5,4,0,0,1,0,12
Parvesh Attri,3,Bengaluru Bulls,1,0,0,1,1,0,0,0,0,0,1
Parvesh Bhainswal,4,Jaipur Pink Panthers,0,0,0,0,0,3,0,0,0,0,3
Parvesh Bhainswal,5,Gujarat Fortunegiants,0,2,0,0,0,44,0,0,4,2,48
Parvesh Bhainswal,6,Gujarat Fortunegiants,0,5,0,0,0,82,0,0,4,3,86
Parvesh Bhainswal,7,Gujarat Fortunegiants,0,2,0,0,0,29,0,0,2,2,31
Pavan T. R.,7,Jaipur Pink Panthers,0,0,0,0,0,9,0,0,2,1,11
Pawan Kumar Kadian,1,U Mumba,6,0,4,43,32,1,1,0,0,0,44
Pawan Kumar Kadian,2,U Mumba,6,0,1,16,9,0,0,1,0,0,16
Pawan Kumar Kadian,3,U Mumba,3,0,1,6,4,0,0,0,0,0,6
Pawan Kumar Kadian,4,Bengaluru Bulls,9,0,2,20,15,1,0,0,0,0,21
Pawan Kumar Kadian,5,Jaipur Pink Panthers,27,0,5,122,95,0,3,2,0,0,122
Pawan Kumar Kadian,6,Dabang Delhi K.C.,4,0,3,45,32,0,0,1,0,0,45
Pawan Kumar Kadian,7,Puneri Paltan,5,0,4,23,18,0,1,0,0,0,23
Pawan Kumar Sehrawat,3,Bengaluru Bulls,19,0,3,45,36,6,0,1,2,0,53
Pawan Kumar Sehrawat,4,Bengaluru Bulls,6,0,1,11,8,0,0,0,0,0,11
Pawan Kumar Sehrawat,5,"Bengaluru Bulls, Gujarat Fortunegiants",3,0,1,9,5,1,0,0,0,0,10
Pawan Kumar Sehrawat,6,Bengaluru Bulls,29,0,11,271,209,11,13,12,0,0,282
Pawan Kumar Sehrawat,7,Bengaluru Bulls,13,0,12,206,159,9,10,5,1,0,216
Ponparthiban Subramanian,6,Tamil Thalaivas,0,1,0,0,0,16,0,0,1,1,17
Ponparthiban Subramanian,7,Tamil Thalaivas,0,0,0,0,0,1,0,0,0,0,1
Pradeep Kumar,2,U Mumba,5,0,4,24,19,1,1,2,1,0,26
Prashant Chavan,1,Jaipur Pink Panthers,0,2,0,1,1,28,0,0,4,2,33
Prashant Chavan,2,Jaipur Pink Panthers,0,0,0,0,0,9,0,0,2,1,11
Prashant Chavan,3,Puneri Paltan,0,0,0,0,0,3,0,0,0,0,3
Prashant Chavan,4,Dabang Delhi K.C.,0,0,0,0,0,10,0,0,0,1,10
Prashanth Kumar Rai,1,Telugu Titans,0,0,0,5,5,0,0,0,0,0,5
Prashanth Kumar Rai,2,Telugu Titans,14,0,3,54,42,3,1,1,1,0,58
Prashanth Kumar Rai,3,Telugu Titans,1,0,1,12,8,0,0,0,0,0,12
Prashanth Kumar Rai,4,Dabang Delhi K.C.,9,0,2,19,12,0,1,0,0,0,19
Prashanth Kumar Rai,5,Haryana Steelers,13,0,4,78,62,1,3,3,1,0,80
Prashanth Kumar Rai,6,U.P. Yoddha,23,0,7,144,112,2,5,2,1,0,147
Prashanth Kumar Rai,7,Haryana Steelers,5,0,4,37,28,0,1,0,0,0,37
Prateek,6,Haryana Steelers,0,0,0,3,1,2,0,0,0,0,5
Pravin Niwale,1,Puneri Paltan,5,0,3,20,12,1,1,3,0,0,21
Pravin Niwale,2,Puneri Paltan,9,0,5,41,30,1,0,2,0,0,42
Pravin Niwale,3,Dabang Delhi K.C.,0,0,0,1,1,0,0,0,0,0,1
Preetam Chhillar,1,Bengaluru Bulls,0,0,0,5,3,7,0,0,0,0,12
Preetam Chhillar,2,Bengaluru Bulls,0,0,0,2,2,8,0,0,0,0,10
Preetam Chhillar,3,Bengaluru Bulls,0,0,0,5,3,9,0,0,0,0,14
Preetam Chhillar,4,"Bengaluru Bulls, Puneri Paltan",0,0,0,0,0,2,0,0,0,0,2
Preetam Chhillar,5,Bengaluru Bulls,0,0,0,3,1,4,0,1,0,0,7
Punit Kumar Teotia,1,Dabang Delhi K.C.,0,0,0,3,2,2,0,0,0,0,5
Purna Singh,7,Patna Pirates,1,0,0,4,3,0,0,0,0,0,4
R. Sriram,5,Dabang Delhi K.C.,16,0,3,35,29,1,0,0,0,0,36
R. Sriram,7,Puneri Paltan,0,0,0,0,0,0,0,0,0,0,0
Rahul Chaudhari,1,Telugu Titans,8,0,10,151,122,9,8,2,1,0,161
Rahul Chaudhari,2,Telugu Titans,14,0,7,98,75,9,5,6,0,0,107
Rahul Chaudhari,3,Telugu Titans,9,0,6,87,77,10,4,1,2,0,99
Rahul Chaudhari,4,Telugu Titans,38,0,9,146,110,3,7,0,1,0,150
Rahul Chaudhari,5,Telugu Titans,28,0,8,184,159,9,8,5,0,0,193
Rahul Chaudhari,6,Telugu Titans,43,0,7,159,136,6,4,4,1,0,166
Rahul Chaudhari,7,Tamil Thalaivas,19,0,6,95,78,6,3,0,0,0,101
Rahul Choudhary,5,Jaipur Pink Panthers,1,0,1,5,4,1,0,0,0,0,6
Rahul Kumar,3,Telugu Titans,0,0,0,0,0,12,0,0,2,1,14
Rahul Kumar,4,Bengaluru Bulls,0,0,0,0,0,2,0,0,0,0,2
Rahul Kumar,5,Bengal Warriors,0,0,0,0,0,6,0,0,0,0,6
Rajaguru Subramanian,1,Telugu Titans,0,0,0,0,0,18,0,0,1,1,19
Rajaguru Subramanian,2,Telugu Titans,0,0,0,1,0,15,0,0,2,1,18
Rajaguru Subramanian,3,Dabang Delhi K.C.,0,0,0,0,0,6,0,0,0,0,6
Rajaguru Subramanian,6,U Mumba,0,0,0,0,0,10,0,0,0,1,10
Rajaguru Subramanian,7,U Mumba,0,0,0,0,0,2,0,0,0,0,2
Rajeev Kumar,2,Dabang Delhi K.C.,0,0,0,0,0,4,0,0,0,1,4
Rajesh Mondal,1,Bengaluru Bulls,11,0,2,39,32,4,0,2,1,0,44
Rajesh Mondal,2,Bengaluru Bulls,18,0,2,33,27,1,0,1,0,0,34
Rajesh Mondal,3,Patna Pirates,16,0,3,27,18,1,0,2,0,0,28
Rajesh Mondal,4,Patna Pirates,34,0,3,57,47,2,0,0,0,0,59
Rajesh Mondal,5,Puneri Paltan,40,0,3,90,75,1,1,1,0,0,91
Rajesh Mondal,6,Puneri Paltan,7,0,1,14,13,0,0,0,0,0,14
Rajesh Narwal,1,Jaipur Pink Panthers,14,2,4,72,59,25,0,3,1,1,98
Rajesh Narwal,2,Jaipur Pink Panthers,14,0,4,69,54,16,2,3,2,1,87
Rajesh Narwal,3,Jaipur Pink Panthers,14,1,4,59,47,18,1,2,3,1,80
Rajesh Narwal,4,Jaipur Pink Panthers,15,0,4,66,52,18,1,0,1,1,85
Rajesh Narwal,5,U.P. Yoddha,0,0,0,11,7,15,0,1,1,1,27
Rajesh Narwal,6,Dabang Delhi K.C.,0,0,0,7,5,13,0,0,0,0,20
Rajnish,6,Telugu Titans,1,0,2,9,8,0,0,0,0,0,9
Rajnish,7,Telugu Titans,7,0,2,17,13,1,0,0,0,0,18
Raju Lal Choudhary,1,"Bengaluru Bulls, Jaipur Pink Panthers",0,0,0,0,0,2,0,0,0,0,2
Raju Lal Choudhary,3,Jaipur Pink Panthers,0,0,0,0,0,1,0,0,0,0,1
Raju Lal Choudhary,6,Bengaluru Bulls,0,0,0,0,0,20,0,0,0,1,20
Rakesh Gowda,7,Telugu Titans,2,0,2,11,9,3,0,0,2,1,16
Rakesh Kumar,1,Patna Pirates,6,0,7,88,76,11,2,0,0,0,99
Rakesh Kumar,2,Patna Pirates,4,0,3,14,12,3,0,0,0,0,17
Rakesh Kumar,3,U Mumba,6,1,2,33,29,16,0,0,2,1,51
Rakesh Kumar,4,U Mumba,1,0,3,44,40,23,1,0,3,1,70
Rakesh Kumar,5,Telugu Titans,0,0,0,7,7,15,0,0,1,1,23
Rakesh Narwal,2,Bengaluru Bulls,9,0,2,21,14,0,0,2,0,0,21
Rakesh Narwal,5,Gujarat Fortunegiants,1,0,2,17,15,1,0,1,0,0,18
Rakesh Narwal,6,Bengal Warriors,0,0,1,9,5,1,0,1,0,0,10
Rakesh Narwal,7,Bengal Warriors,0,0,0,3,1,0,0,0,0,0,3
Rakesh Singh Kumar,1,Dabang Delhi K.C.,0,0,0,1,1,3,0,0,0,0,4
Rakesh Singh Kumar,2,Dabang Delhi K.C.,0,1,0,0,0,17,0,0,2,1,19
Rakesh Singh Kumar,3,Dabang Delhi K.C.,0,0,0,0,0,3,0,0,0,0,3
Rakesh Singh Kumar,5,Haryana Steelers,0,1,0,0,0,23,0,0,1,1,24
Rakshith,5,Telugu Titans,1,0,2,12,11,2,0,0,0,0,14
Rakshith,6,Telugu Titans,3,0,1,14,12,0,0,0,0,0,14
Ram Kumar Sah,1,Patna Pirates,0,2,0,3,3,14,0,0,1,1,18
Ran Singh,1,Jaipur Pink Panthers,2,1,1,11,5,23,0,1,2,2,36
Ran Singh,2,Jaipur Pink Panthers,5,1,1,13,10,27,0,0,4,2,44
Ran Singh,3,Jaipur Pink Panthers,8,0,1,20,15,21,0,2,0,1,41
Ran Singh,4,Jaipur Pink Panthers,0,0,1,5,4,27,0,0,1,1,33
Ran Singh,5,Bengal Warriors,0,2,1,12,10,49,0,0,3,2,64
Ran Singh,6,Bengal Warriors,6,0,1,29,23,41,0,1,1,1,71
Ran Singh,7,Tamil Thalaivas,0,0,0,6,3,22,0,0,1,1,29
Ravi Dalal,1,Patna Pirates,20,0,6,111,87,0,3,4,0,0,111
Ravi Dalal,2,Patna Pirates,8,0,4,44,38,3,0,1,0,0,47
Ravi Dalal,4,Bengal Warriors,7,0,2,13,8,0,0,0,0,0,13
Ravi Dalal,5,Dabang Delhi K.C.,1,0,1,5,3,3,0,0,0,0,8
Ravi Kumar,2,Puneri Paltan,0,3,0,0,0,33,0,0,4,2,37
Ravi Kumar,3,Puneri Paltan,0,0,0,0,0,8,0,0,1,0,9
Ravi Kumar,4,Bengal Warriors,0,0,0,0,0,0,0,0,0,0,0
Ravi Kumar,5,Puneri Paltan,0,0,0,0,0,28,0,0,2,1,30
Ravi Kumar,6,Puneri Paltan,0,2,0,0,0,33,0,0,7,1,40
Ravi Kumar,7,Haryana Steelers,0,2,0,0,0,22,0,0,4,2,26
Ravi V.,2,Puneri Paltan,3,0,4,8,5,0,0,0,0,0,8
Ravinandan G.M.,3,Dabang Delhi K.C.,0,0,0,0,0,1,0,0,0,0,1
Ravinder,7,Patna Pirates,0,0,0,0,0,2,0,0,1,1,3
Ravinder Kumar,5,Jaipur Pink Panthers,0,0,0,0,0,1,0,0,0,0,1
Ravinder Kumar,6,Patna Pirates,0,0,0,0,0,8,0,0,1,1,9
Ravinder Pahal,1,Dabang Delhi K.C.,0,3,0,0,0,29,0,0,0,3,29
Ravinder Pahal,2,Dabang Delhi K.C.,0,5,0,4,3,53,0,0,7,4,64
Ravinder Pahal,3,Dabang Delhi K.C.,0,2,0,8,4,22,0,0,4,2,34
Ravinder Pahal,4,Puneri Paltan,0,3,0,0,0,35,0,0,2,2,37
Ravinder Pahal,5,Bengaluru Bulls,0,3,0,2,1,49,0,0,3,2,54
Ravinder Pahal,6,Dabang Delhi K.C.,0,4,0,0,0,56,0,0,3,2,59
Ravinder Pahal,7,Dabang Delhi K.C.,0,2,0,0,0,38,0,0,0,2,38
Ravindra Ramesh Kumawat,4,Bengal Warriors,0,0,1,2,2,1,0,0,0,0,3
Ravindra Ramesh Kumawat,5,Bengal Warriors,2,0,1,2,2,0,0,0,0,0,2
Ravindra Ramesh Kumawat,6,Bengal Warriors,14,0,3,37,29,5,0,2,0,0,42
Ravit Kumar,2,Telugu Titans,0,0,0,1,1,1,0,0,0,0,2
Rinku Narwal,5,Puneri Paltan,0,1,0,1,1,17,0,0,4,1,22
Rinku Narwal,6,Puneri Paltan,1,0,0,1,1,19,0,0,1,1,21
Rinku Narwal,7,Bengal Warriors,0,3,0,0,0,40,0,0,2,2,42
Rishank Devadiga,1,U Mumba,8,0,4,64,45,13,0,2,0,0,77
Rishank Devadiga,2,U Mumba,25,0,3,44,36,14,0,0,0,1,58
Rishank Devadiga,3,U Mumba,29,0,6,106,86,8,2,4,1,0,115
Rishank Devadiga,4,U Mumba,19,0,5,70,57,0,2,0,0,0,70
Rishank Devadiga,5,U.P. Yoddha,32,0,7,165,126,4,5,12,1,0,170
Rishank Devadiga,6,U.P. Yoddha,8,0,4,100,82,4,1,3,0,0,104
Rishank Devadiga,7,U.P. Yoddha,3,0,2,24,18,1,0,1,0,0,25
Rohit,5,Bengaluru Bulls,1,0,0,4,3,0,0,0,0,0,4
Rohit Baliyan,2,Telugu Titans,1,0,3,12,11,0,0,0,0,0,12
Rohit Baliyan,3,Telugu Titans,8,0,4,54,44,2,2,2,0,0,56
Rohit Baliyan,5,Dabang Delhi K.C.,8,0,3,65,55,9,1,1,0,0,74
Rohit Baliyan,6,U Mumba,6,0,5,94,82,13,0,1,1,0,108
Rohit Baliyan,7,U Mumba,7,0,3,38,26,3,0,2,1,0,42
Rohit Gulia,5,Gujarat Fortunegiants,12,0,1,35,33,3,0,0,0,0,38
Rohit Gulia,6,Gujarat Fortunegiants,14,0,3,58,48,3,0,2,0,0,61
Rohit Gulia,7,Gujarat Fortunegiants,10,0,4,69,56,4,2,0,0,0,73
Rohit Kumar,3,Patna Pirates,20,0,9,102,80,7,5,4,0,0,109
Rohit Kumar,4,Bengaluru Bulls,15,0,6,93,75,6,1,0,1,0,100
Rohit Kumar,5,Bengaluru Bulls,36,0,9,2,1,1,12,1,1,0,3
Rohit Kumar,6,Bengaluru Bulls,24,1,6,162,129,9,5,5,0,0,171
Rohit Kumar,7,Bengaluru Bulls,11,0,4,74,59,4,2,1,0,0,78
Rohit Kumar Choudary,2,Dabang Delhi K.C.,33,0,4,61,41,3,1,6,0,0,64
Rohit Kumar Choudary,3,Dabang Delhi K.C.,5,0,2,16,11,0,0,0,0,0,16
Rohit Kumar Choudary,5,Puneri Paltan,1,0,1,13,10,0,0,0,0,0,13
Rohit Kumar Choudary,6,U.P. Yoddha,0,0,0,3,2,0,0,0,0,0,3
Rohit Kumar Prajapat,3,Jaipur Pink Panthers,0,0,0,0,0,1,0,0,0,0,1
Rohit Rana,1,Jaipur Pink Panthers,0,3,0,0,0,37,0,0,1,2,38
Rohit Rana,2,Jaipur Pink Panthers,0,1,0,1,1,16,0,0,0,1,17
Rohit Rana,3,Jaipur Pink Panthers,0,1,0,1,0,14,0,0,3,1,18
Rohit Rana,4,Jaipur Pink Panthers,0,0,0,0,0,3,0,0,0,0,3
Rohit Rana,5,Telugu Titans,0,0,0,0,0,24,0,0,0,1,24
Rohit Rana,6,U Mumba,0,2,0,0,0,37,0,0,1,2,38
Rupesh Tomar,1,Telugu Titans,0,0,0,1,1,3,0,0,1,0,5
Rupesh Tomar,2,Telugu Titans,0,0,0,4,3,4,0,0,2,1,10
Rupesh Tomar,4,Telugu Titans,0,0,0,0,0,3,0,0,0,1,3
Rupesh Tomar,5,Dabang Delhi K.C.,0,0,0,0,0,1,0,0,0,0,1
Ruturaj Shivaji Koravi,6,Gujarat Fortunegiants,0,1,0,0,0,44,0,0,3,2,47
Ruturaj Shivaji Koravi,7,Gujarat Fortunegiants,0,0,0,0,0,6,0,0,0,0,6
S Mahalingam,4,Telugu Titans,0,0,0,0,0,14,0,0,2,1,16
Sachin,5,Gujarat Fortunegiants,37,0,6,159,132,13,7,2,1,0,173
Sachin Khambe,1,Bengal Warriors,1,0,1,5,5,20,0,0,2,1,27
Sachin Khambe,2,Bengal Warriors,0,2,0,0,0,20,0,0,4,3,24
Sachin Kumar,5,Bengaluru Bulls,0,1,0,1,0,6,0,0,0,0,7
Sachin Kumar,6,U.P. Yoddha,4,2,1,25,21,39,0,0,4,1,68
Sachin Kumar,7,U.P. Yoddha,0,0,0,0,0,2,0,0,0,0,2
Sachin Narwal,7,Jaipur Pink Panthers,3,0,1,10,7,1,0,1,0,0,11
Sachin Shingade,1,Telugu Titans,0,1,0,0,0,19,0,0,1,2,20
Sachin Shingade,2,Telugu Titans,0,0,0,0,0,2,0,0,0,0,2
Sachin Shingade,3,Puneri Paltan,0,0,0,0,0,5,0,0,1,3,6
Sachin Shingade,4,Dabang Delhi K.C.,0,4,0,0,0,39,0,0,5,3,44
Sachin Shingade,5,Patna Pirates,0,0,0,0,0,21,0,0,1,0,22
Sachin Shingade,6,Haryana Steelers,0,0,0,0,0,23,0,0,2,1,25
Sachin Tanwar,6,Gujarat Fortunegiants,28,0,8,190,159,12,7,1,2,0,204
Sachin Tanwar,7,Gujarat Fortunegiants,18,0,5,64,48,1,1,1,0,0,65
Sachin Vittala,2,Puneri Paltan,4,0,2,11,9,0,0,1,0,0,11
Sachin Vittala,6,Gujarat Fortunegiants,0,0,0,3,2,24,0,0,1,1,28
Saeid Ghaffari,7,Dabang Delhi K.C.,0,0,0,0,0,8,0,0,0,0,8
Sagar,7,Tamil Thalaivas,0,0,0,0,0,8,0,0,1,1,9
Sagar B Krishna,4,Telugu Titans,0,0,0,0,0,6,0,0,0,0,6
Sagar B Krishna,5,U.P. Yoddha,0,3,0,1,1,29,0,0,3,1,33
Sagar B Krishna,6,U.P. Yoddha,0,1,0,0,0,17,0,0,1,0,18
Sagar B Krishna,7,Puneri Paltan,0,0,0,0,0,6,0,0,0,0,6
Sagar Khatale,1,Puneri Paltan,0,0,0,0,0,10,0,0,0,1,10
Sagar Khatale,2,Puneri Paltan,0,0,0,0,0,4,0,0,0,1,4
Samarjeet Singh,1,Jaipur Pink Panthers,0,0,0,1,0,10,0,0,1,0,12
Samarjeet Singh,2,Jaipur Pink Panthers,0,0,0,0,0,1,0,0,1,0,2
Samarjeet Singh,3,Jaipur Pink Panthers,0,0,0,2,2,5,0,0,1,1,8
Sandeep,3,Patna Pirates,0,0,0,0,0,3,0,0,0,1,3
Sandeep,6,Puneri Paltan,2,0,3,7,4,2,0,0,1,0,10
Sandeep Kandola,2,Telugu Titans,0,6,1,11,7,55,0,0,4,3,70
Sandeep Kumar Dhull,3,Dabang Delhi K.C.,0,2,0,0,0,26,0,0,6,3,32
Sandeep Kumar Dhull,4,Telugu Titans,0,2,0,0,0,35,0,0,0,2,35
Sandeep Kumar Dhull,6,Jaipur Pink Panthers,0,4,0,0,0,62,0,0,5,3,67
Sandeep Kumar Dhull,7,Jaipur Pink Panthers,0,5,0,1,0,48,0,0,6,3,55
Sandeep Malik,2,Bengaluru Bulls,0,0,0,0,0,1,0,0,1,0,2
Sandeep Narwal,1,Patna Pirates,11,2,5,92,68,21,1,8,6,1,119
Sandeep Narwal,2,Patna Pirates,6,2,2,46,36,34,0,1,3,2,83
Sandeep Narwal,3,Patna Pirates,0,6,0,9,8,53,0,0,2,3,64
Sandeep Narwal,4,Telugu Titans,0,3,1,24,20,40,0,0,2,2,66
Sandeep Narwal,5,Puneri Paltan,2,1,1,33,29,49,0,1,3,2,85
Sandeep Narwal,6,Puneri Paltan,4,1,1,25,16,34,0,1,7,2,66
Sandeep Narwal,7,U Mumba,2,1,0,12,9,33,0,0,5,2,50
Sandeep Tomar,2,Dabang Delhi K.C.,1,0,0,2,2,0,0,0,0,0,2
Sanjay Kumar,2,Puneri Paltan,4,0,2,15,9,1,0,2,0,0,16
Sanju,3,Telugu Titans,0,0,0,0,0,1,0,0,0,0,1
Sanket Chavan,4,Dabang Delhi K.C.,0,0,0,0,0,11,0,0,0,1,11
Sanket Chavan,5,Tamil Thalaivas,0,0,0,0,0,4,0,0,0,0,4
Sanoj Kumar,5,U.P. Yoddha,0,0,0,2,2,1,0,0,0,0,3
Santhapanaselvam,5,Jaipur Pink Panthers,0,0,0,0,0,15,0,0,0,1,15
Santhapanaselvam,6,Jaipur Pink Panthers,0,0,0,0,0,12,0,0,2,1,14
Santhapanaselvam,7,Jaipur Pink Panthers,0,0,0,0,0,7,0,0,0,1,7
Santhosh B.S,5,U.P. Yoddha,0,0,0,3,1,8,0,1,1,1,12
Satish,5,Patna Pirates,0,0,0,0,0,3,0,0,0,0,3
Satpal,5,Dabang Delhi K.C.,1,1,0,4,0,22,0,0,2,2,28
Satpal,6,Dabang Delhi K.C.,0,0,0,1,0,10,0,0,4,1,15
Satywan,7,Dabang Delhi K.C.,0,0,0,0,0,1,0,0,0,0,1
Saurabh Nandal,7,Bengaluru Bulls,0,4,0,1,1,34,0,0,5,2,40
Selvamani K,2,Dabang Delhi K.C.,1,0,1,14,9,0,0,1,0,0,14
Selvamani K,3,Dabang Delhi K.C.,25,0,4,38,29,1,1,1,0,0,39
Selvamani K,4,Dabang Delhi K.C.,27,0,3,45,34,0,0,0,0,0,45
Selvamani K,5,Jaipur Pink Panthers,0,0,1,4,3,0,0,0,0,0,4
Selvamani K,6,Jaipur Pink Panthers,9,0,2,38,27,3,1,3,0,0,41
Selvamani K,7,Haryana Steelers,0,0,2,10,6,2,0,1,0,0,12
Seong Ryeol Kim,1,Bengal Warriors,0,0,0,0,0,5,0,0,0,1,5
Seong Ryeol Kim,2,Bengal Warriors,0,0,0,0,0,3,0,0,1,1,4
Seong Ryeol Kim,3,Dabang Delhi K.C.,2,0,0,3,2,2,0,0,0,0,5
Shabeer Bappu,1,U Mumba,11,0,6,66,51,1,3,2,0,0,67
Shabeer Bappu,2,U Mumba,22,0,4,46,36,1,1,2,0,0,47
Shabeer Bappu,3,U Mumba,4,0,1,13,11,0,0,0,0,0,13
Shabeer Bappu,4,Jaipur Pink Panthers,2,1,2,24,18,6,0,0,5,0,35
Shabeer Bappu,5,U Mumba,9,0,2,35,30,2,1,0,1,0,38
Shabeer Bappu,6,Dabang Delhi K.C.,0,0,1,7,6,0,0,0,0,0,7
Shabeer Bappu,7,Tamil Thalaivas,5,0,1,21,16,4,0,0,0,0,25
Shashank Wankhede,5,Bengal Warriors,0,0,0,0,0,2,0,0,0,0,2
Shrikant Jadhav,3,Bengal Warriors,2,0,2,10,9,0,0,0,0,0,10
Shrikant Jadhav,4,Bengal Warriors,0,0,1,7,6,0,0,0,0,0,7
Shrikant Jadhav,5,U Mumba,22,0,4,86,70,10,2,2,2,0,98
Shrikant Jadhav,6,U.P. Yoddha,43,0,5,141,108,4,5,4,1,0,146
Shrikant Jadhav,7,U.P. Yoddha,17,0,5,78,59,3,2,0,0,0,81
Shrikant Tewthia,1,Dabang Delhi K.C.,3,0,2,41,37,8,1,0,1,0,50
Shrikant Tewthia,2,Dabang Delhi K.C.,3,0,1,10,9,8,0,0,1,1,19
Shrikant Tewthia,3,Bengaluru Bulls,0,1,2,20,16,12,0,1,1,1,33
Shrikant Tewthia,4,Jaipur Pink Panthers,0,0,0,0,0,1,0,0,1,0,2
Shrikant Tewthia,5,Bengal Warriors,0,1,0,4,2,31,0,1,5,1,40
Shrikant Tewthia,6,Bengal Warriors,0,0,0,3,2,10,0,0,0,1,13
Shubham Ashok Palkar,5,Dabang Delhi K.C.,2,0,0,7,6,0,0,0,0,0,7
Shubham Ashok Palkar,6,Gujarat Fortunegiants,2,0,0,2,2,0,0,0,0,0,2
Shubham Shinde,6,Puneri Paltan,0,0,0,0,0,9,0,0,3,1,12
Shubham Shinde,7,Puneri Paltan,0,0,0,1,1,15,0,0,2,1,18
Shyam Kumar Sah,1,Bengal Warriors,1,0,1,10,7,17,0,0,1,1,28
Shyam Kumar Sah,2,Bengal Warriors,0,1,0,0,0,13,0,0,0,1,13
Shyam Kumar Sah,3,Bengal Warriors,0,0,1,7,4,4,0,1,1,0,12
Siddharth Sirish Desai,6,U Mumba,41,0,10,218,169,3,12,10,0,0,221
Siddharth Sirish Desai,7,Telugu Titans,14,0,8,113,98,3,3,2,0,0,116
Sidharth,5,Jaipur Pink Panthers,0,1,0,4,3,24,0,0,3,1,31
Simon Kibura,1,Puneri Paltan,1,0,3,6,5,2,0,0,0,0,8
Simon Kibura,2,Puneri Paltan,0,0,0,1,1,0,0,0,0,0,1
Simon Kibura,3,Puneri Paltan,1,0,1,2,2,0,0,0,0,0,2
Sinotharan Kanesharajah,1,Bengaluru Bulls,0,0,0,4,2,1,0,1,0,0,5
Sinotharan Kanesharajah,2,Bengaluru Bulls,1,0,0,1,0,0,0,0,0,0,1
Sombir,5,Telugu Titans,0,2,0,0,0,33,0,0,6,2,39
Sombir,6,Telugu Titans,0,0,0,0,0,1,0,0,0,0,1
Somvir,3,Bengaluru Bulls,0,0,0,1,0,20,0,0,1,1,22
Somvir Shekhar,1,Patna Pirates,0,0,0,0,0,0,0,0,0,0,0
Somvir Shekhar,2,Bengaluru Bulls,0,4,0,1,1,32,0,0,2,2,35
Somvir Shekhar,3,Puneri Paltan,0,0,0,0,0,0,0,0,0,0,0
Somvir Shekhar,4,Puneri Paltan,0,0,0,0,0,21,0,0,1,1,22
Somvir Shekhar,5,Jaipur Pink Panthers,0,0,0,0,0,29,0,0,1,1,30
Sonu Jaglan,7,Gujarat Fortunegiants,4,0,2,28,21,3,0,3,1,0,32
Sonu Narwal,2,Jaipur Pink Panthers,12,0,4,51,42,0,1,1,0,0,51
Sonu Narwal,3,Jaipur Pink Panthers,8,0,5,55,49,0,0,2,0,0,55
Sonu Narwal,4,Puneri Paltan,2,0,2,32,25,0,0,0,0,0,32
Sudhanshu Tyagi,6,Haryana Steelers,0,0,0,0,0,4,0,0,0,0,4
Sukesh Hegde,1,Telugu Titans,15,0,5,79,60,4,0,3,0,0,83
Sukesh Hegde,2,Telugu Titans,26,0,4,62,44,2,0,5,0,0,64
Sukesh Hegde,3,Telugu Titans,11,0,4,61,49,2,0,0,1,0,64
Sukesh Hegde,4,Telugu Titans,5,0,0,7,5,0,0,0,0,0,7
Sukesh Hegde,5,Gujarat Fortunegiants,17,0,4,75,58,2,1,2,0,0,77
Sukesh Hegde,6,Tamil Thalaivas,14,0,4,68,51,2,0,3,1,0,71
Sukesh Hegde,7,Bengal Warriors,10,0,2,28,19,1,0,2,0,0,29
Sumit,7,U.P. Yoddha,0,4,0,2,1,48,0,0,0,3,50
Sumit Malik,7,Gujarat Fortunegiants,0,0,0,0,0,14,0,0,1,1,15
Sumit Singh,4,Bengaluru Bulls,2,0,1,7,5,1,0,0,1,0,9
Sumit Singh,6,Bengaluru Bulls,3,0,1,11,7,4,0,0,0,0,15
Sumit Singh,7,Bengaluru Bulls,7,0,2,27,20,2,0,0,1,0,30
Sunil,2,Patna Pirates,0,1,0,2,1,19,0,0,3,2,24
Sunil,3,Patna Pirates,1,1,0,1,1,28,0,0,1,1,30
Sunil,4,U Mumba,0,0,0,1,0,15,0,0,1,1,17
Sunil,5,Dabang Delhi K.C.,0,0,0,0,0,24,0,0,1,1,25
Sunil,6,Haryana Steelers,0,2,0,0,0,12,0,0,1,1,13
Sunil,7,Haryana Steelers,0,3,0,0,0,35,0,0,0,2,35
Sunil Hanumanthappa,1,Bengaluru Bulls,0,0,0,2,1,2,0,0,0,0,4
Sunil Jaipal,1,Bengal Warriors,3,1,2,33,22,13,0,2,4,1,50
Sunil Jaipal,2,Bengal Warriors,8,0,3,34,24,4,0,2,2,0,40
Sunil Jaipal,3,Patna Pirates,0,0,2,4,4,0,0,0,0,0,4
Sunil Jaipal,5,Bengaluru Bulls,2,0,1,16,13,12,0,0,3,1,31
Sunil Kumar,4,Patna Pirates,0,0,0,1,1,0,0,0,0,0,1
Sunil Kumar,5,Gujarat Fortunegiants,0,3,0,1,1,55,0,0,2,2,58
Sunil Kumar,6,Gujarat Fortunegiants,0,3,0,0,0,72,0,0,4,3,76
Sunil Kumar,7,Gujarat Fortunegiants,1,4,0,1,1,35,0,0,6,2,42
Sunil Siddhgavali,5,Jaipur Pink Panthers,0,1,0,0,0,15,0,0,1,1,16
Sunil Siddhgavali,6,Jaipur Pink Panthers,2,4,0,5,4,30,0,0,3,2,38
Sunil Siddhgavali,7,Jaipur Pink Panthers,0,0,0,0,0,6,0,0,3,0,9
Sunil Subhash Lande,1,Puneri Paltan,0,0,0,0,0,1,0,0,0,0,1
Sunny,4,Patna Pirates,1,0,0,1,0,0,0,0,0,0,1
Suraj Desai,7,Telugu Titans,3,0,4,43,35,1,1,1,0,0,44
Surender Gill,7,U.P. Yoddha,16,0,2,31,24,5,0,0,1,0,37
Surender Nada,1,U Mumba,1,5,1,10,8,47,0,0,4,3,61
Surender Nada,2,U Mumba,1,4,0,3,2,39,0,0,2,2,44
Surender Nada,3,U Mumba,0,0,0,1,0,13,0,0,0,1,14
Surender Nada,4,Bengaluru Bulls,0,1,0,4,3,29,0,0,4,2,37
Surender Nada,5,Haryana Steelers,0,9,0,3,2,74,0,0,6,3,83
Surender Singh,2,Puneri Paltan,1,0,2,5,4,3,0,0,0,1,8
Surender Singh,3,Puneri Paltan,12,0,3,44,34,1,0,2,0,0,45
Surender Singh,4,U Mumba,4,0,0,9,7,2,0,0,0,0,11
Surender Singh,5,U.P. Yoddha,19,3,4,68,47,2,2,2,0,0,58
Surender Singh,6,U Mumba,0,2,0,0,0,59,0,0,3,2,62
Surender Singh,7,U.P. Yoddha,5,0,2,10,5,1,0,0,0,0,11
Suresh Kumar,5,Puneri Paltan,9,0,2,22,12,0,0,0,0,0,22
Suresu Kumar,1,U Mumba,1,0,2,6,6,0,0,0,0,0,6
Suresu Kumar,2,U Mumba,1,0,1,1,1,1,0,0,0,0,2
Suresu Kumar,3,U Mumba,1,0,0,2,2,0,0,0,0,0,2
Suresu Kumar,4,U Mumba,12,0,1,20,15,3,0,0,0,0,23
Suresu Kumar,5,Dabang Delhi K.C.,0,0,0,2,2,0,0,0,0,0,2
Surinder Singh,7,U Mumba,0,1,0,4,1,31,0,1,1,2,36
Surjeet Narwal,1,Dabang Delhi K.C.,8,0,8,113,98,5,6,2,2,0,120
Surjeet Narwal,3,Bengaluru Bulls,2,0,3,40,29,3,1,2,0,0,43
Surjeet Narwal,4,Bengal Warriors,2,0,1,7,6,4,0,0,0,0,11
Sushant Sail,7,Puneri Paltan,1,0,1,8,5,0,0,0,0,0,8
Sushil Gulia,7,Jaipur Pink Panthers,3,0,2,12,8,0,0,1,0,0,12
Sushil Vijay Bhosle,3,Dabang Delhi K.C.,0,0,0,0,0,2,0,0,0,1,2
Swapnil Dilip Shinde,1,Puneri Paltan,0,0,0,0,0,8,0,0,0,1,8
Swapnil Dilip Shinde,5,Dabang Delhi K.C.,0,0,0,0,0,13,0,0,0,1,13
T. Prasad,2,Telugu Titans,0,0,0,0,0,4,0,0,0,0,4
T. Prasad,3,Telugu Titans,0,0,0,0,0,1,0,0,0,0,1
Tae Deok Eom,1,Patna Pirates,1,0,0,2,1,1,0,0,1,0,4
Tae Deok Eom,2,Patna Pirates,4,0,1,11,8,5,0,0,0,0,16
Tae Deok Eom,3,Patna Pirates,0,0,0,1,1,0,0,0,0,0,1
Tae Deok Eom,6,Patna Pirates,0,0,0,0,0,1,0,0,0,0,1
Takamitsu Kono,1,Dabang Delhi K.C.,0,0,0,1,1,1,0,0,0,0,2
Tapas Pal,5,Dabang Delhi K.C.,0,0,0,0,0,9,0,0,0,1,9
Tapas Pal,6,Dabang Delhi K.C.,0,0,0,0,0,1,0,0,0,0,1
Tushar Balaram Bhoir,5,Dabang Delhi K.C.,0,0,0,0,0,2,0,0,1,0,3
Tushar Patil,2,Puneri Paltan,6,0,2,15,15,0,0,0,0,0,15
Tushar Patil,3,Puneri Paltan,14,0,1,22,16,0,0,2,0,0,22
Tushar Patil,4,Jaipur Pink Panthers,6,0,1,14,11,1,0,0,0,0,15
Tushar Patil,5,Jaipur Pink Panthers,13,0,3,64,49,3,0,3,0,0,67
Tushar Patil,6,Patna Pirates,4,0,2,20,13,0,0,0,0,0,20
Umesh Mhatre,3,Bengal Warriors,6,0,2,14,11,4,0,0,1,0,19
Umesh Mhatre,4,Dabang Delhi K.C.,1,0,2,4,4,3,0,0,1,2,8
Umesh Mhatre,5,Puneri Paltan,1,0,0,1,1,0,0,0,0,0,1
V. Ajith Kumar,7,Tamil Thalaivas,6,0,5,58,49,0,2,1,0,0,58
Varinder Singh,2,Patna Pirates,0,0,0,0,0,5,0,0,0,0,5
Victor Onyango Obiero,6,Tamil Thalaivas,0,0,2,6,4,0,0,0,0,0,6
Victor Onyango Obiero,7,Tamil Thalaivas,0,0,0,1,0,0,0,0,0,0,1
Vijay,5,Patna Pirates,6,1,1,27,18,34,0,1,3,1,64
Vijay,6,Patna Pirates,3,0,3,60,50,12,0,0,1,0,73
Vijay,7,Dabang Delhi K.C.,0,0,1,14,11,8,0,1,0,0,22
Vijay Kumar,5,Tamil Thalaivas,0,0,0,1,0,3,0,0,2,0,6
Vijay Kumar,6,Patna Pirates,2,0,0,2,1,1,0,0,0,0,3
Vijay Kumar,7,Bengaluru Bulls,0,0,0,0,0,4,0,0,1,0,5
Vijay Malik,2,Patna Pirates,3,0,0,5,4,0,0,0,0,0,5
Vijendar Singh,1,Telugu Titans,0,2,0,0,0,19,0,0,1,2,20
Vijender Singh,2,Puneri Paltan,0,0,0,1,0,9,0,0,1,1,11
Vijin Thangadurai,2,Bengal Warriors,0,0,0,0,0,11,0,0,2,1,13
Vijin Thangadurai,3,Bengal Warriors,0,0,0,0,0,2,0,0,0,0,2
Vijin Thangadurai,4,Patna Pirates,0,0,0,0,0,2,0,0,0,0,2
Vijin Thangadurai,5,Tamil Thalaivas,0,0,0,0,0,3,0,0,1,0,4
Vijin Thangadurai,6,Bengal Warriors,0,0,0,0,0,8,0,0,2,0,10
Vikas Chhillar,7,Haryana Steelers,0,0,0,1,1,0,0,0,0,0,1
Vikas Jaglan,5,Patna Pirates,1,0,0,10,8,3,0,1,0,0,13
Vikas Jaglan,6,Patna Pirates,2,0,2,21,13,16,0,1,0,1,37
Vikas Jaglan,7,Patna Pirates,4,0,0,8,4,12,0,0,0,0,20
Vikas Kale,2,Bengal Warriors,0,1,0,0,0,6,0,0,3,1,9
Vikas Kale,3,Telugu Titans,0,0,0,0,0,12,0,0,0,1,12
Vikas Kale,6,Patna Pirates,0,1,0,0,0,36,0,0,3,1,39
Vikas Kale,7,Haryana Steelers,0,2,0,0,0,27,0,0,1,2,28
Vikas Kumar,5,Telugu Titans,9,0,2,30,26,4,0,0,1,0,35
Vikas Tomar,1,Puneri Paltan,0,0,0,0,0,4,0,0,1,0,5
Vikash,5,Haryana Steelers,0,0,0,0,0,5,0,0,2,1,5
Vikash Kandola,6,Haryana Steelers,20,0,7,172,136,5,6,5,0,0,177
Vikash Kandola,7,Haryana Steelers,23,0,9,103,81,4,6,5,0,0,107
Vikash Khandola,4,Dabang Delhi K.C.,3,0,0,3,3,0,0,0,0,0,3
Vikash Khandola,5,Haryana Steelers,16,0,6,58,44,0,0,1,0,0,58
Vikash Kumar,4,U Mumba,0,0,1,6,4,0,0,0,0,0,6
Vikram Kandola,6,Gujarat Fortunegiants,0,0,0,0,0,1,0,0,0,1,1
Vikrant,5,Telugu Titans,0,0,0,3,1,0,0,0,0,0,3
Vimal Raj V,6,Tamil Thalaivas,1,0,0,2,2,0,0,0,0,0,2
Vinay,7,Haryana Steelers,9,0,3,53,39,4,0,3,0,0,57
Vineet Sharma,2,Bengal Warriors,2,0,1,8,8,2,0,0,0,0,10
Vineet Sharma,3,Bengal Warriors,0,0,2,8,8,1,0,0,0,0,9
Vineet Sharma,5,Tamil Thalaivas,3,0,0,16,15,13,0,0,1,0,30
Vineet Sharma,7,Tamil Thalaivas,2,0,1,5,2,6,0,0,1,0,12
Vinod Kumar,3,Patna Pirates,0,0,0,0,0,16,0,0,0,1,16
Vinod Kumar,4,Bengaluru Bulls,8,1,2,19,16,1,0,0,0,0,20
Vinod Kumar,5,Bengal Warriors,13,0,1,33,20,2,0,2,5,0,2
Vinod Kumar,6,U Mumba,5,2,1,22,15,25,0,0,4,0,51
Vinod Kumar,7,Gujarat Fortunegiants,0,0,1,5,5,0,0,0,0,0,5
Vinoth Kumar,3,Bengaluru Bulls,10,0,2,16,13,0,0,0,0,0,16
Vinoth Kumar,4,Telugu Titans,2,0,2,8,7,0,0,0,0,0,8
Vinoth Kumar,5,Telugu Titans,2,0,1,6,5,0,0,0,0,0,6
Vinoth Paulyas,3,U Mumba,2,0,0,2,2,0,0,0,0,0,2
Viraj Vishnu Landge,5,Dabang Delhi K.C.,0,0,0,0,0,16,0,0,0,0,16
Viraj Vishnu Landge,6,Dabang Delhi K.C.,0,0,0,0,0,6,0,0,0,0,6
Viraj Vishnu Landge,7,Bengal Warriors,0,0,0,0,0,6,0,0,0,0,6
Virender Wazir Singh,3,Telugu Titans,2,0,1,6,4,1,0,0,0,0,7
Virender Wazir Singh,5,Bengal Warriors,5,0,2,8,3,0,0,1,0,0,8
Vishal,5,Dabang Delhi K.C.,1,1,0,2,1,6,0,0,3,1,11
Vishal,6,Dabang Delhi K.C.,1,0,0,1,1,7,0,0,2,1,10
Vishal,7,Jaipur Pink Panthers,0,0,0,0,0,21,0,0,3,2,24
Vishal Bhardwaj,4,Telugu Titans,0,0,0,1,1,6,0,0,0,3,7
Vishal Bhardwaj,5,Telugu Titans,0,5,0,0,0,68,0,0,3,3,71
Vishal Bhardwaj,6,Telugu Titans,0,5,0,0,0,51,0,0,9,3,60
Vishal Bhardwaj,7,Telugu Titans,0,5,0,0,0,44,0,0,9,3,53
Vishal Mane,1,U Mumba,0,1,0,0,0,19,0,0,1,1,20
Vishal Mane,2,U Mumba,0,1,0,0,0,26,0,0,0,1,26
Vishal Mane,3,U Mumba,0,0,0,0,0,16,0,0,0,1,16
Vishal Mane,4,Bengal Warriors,0,2,0,0,0,28,0,0,3,2,31
Vishal Mane,5,Patna Pirates,0,1,0,0,0,36,0,0,3,1,39
Vishal Mane,6,Dabang Delhi K.C.,0,3,0,0,0,36,0,0,2,1,38
Vishal Mane,7,Dabang Delhi K.C.,0,0,0,0,0,18,0,0,0,1,18
Vishav Chaudhary,6,U.P. Yoddha,0,0,1,2,1,0,0,0,0,0,2
Vishnu Uthaman,5,Patna Pirates,0,0,0,0,0,1,0,0,0,0,1
Wajid Ali,1,Telugu Titans,0,0,0,4,3,1,0,0,0,0,5
Waleed Al Hasani,1,Puneri Paltan,1,0,2,14,10,0,0,1,0,0,14
Wasim Sajjad,1,Patna Pirates,0,0,0,0,0,24,0,0,3,1,27
Wazir Singh,1,Puneri Paltan,20,0,8,104,85,5,4,2,2,0,111
Wazir Singh,2,Puneri Paltan,7,0,5,65,48,2,2,2,0,0,67
Wazir Singh,5,Haryana Steelers,27,0,5,107,86,11,3,3,2,0,120
Wazir Singh,6,Haryana Steelers,0,0,2,2,2,0,0,0,0,0,2
Yatharth Deshwal,5,Dabang Delhi K.C.,0,0,0,0,0,10,0,0,1,1,11
Yogesh Hooda,2,Puneri Paltan,5,0,3,12,11,1,0,0,0,0,13
Yogesh Hooda,3,Puneri Paltan,3,0,1,6,5,2,0,0,0,0,8
Yogesh Hooda,4,Bengaluru Bulls,6,0,2,14,12,2,0,0,0,0,16
Yogesh Hooda,6,Dabang Delhi K.C.,1,0,0,3,1,5,0,0,0,0,8
Yong Joo Ok,5,U Mumba,1,0,0,1,1,0,0,0,0,0,1
Young Chang Ko,5,Bengal Warriors,0,0,0,0,0,2,0,0,0,0,2
Young Chang Ko,6,Jaipur Pink Panthers,0,1,0,0,0,11,0,0,4,1,15
Young Chang Ko,7,U Mumba,0,0,0,0,0,4,0,0,2,0,6
Ziaur Rahman,5,Puneri Paltan,0,1,0,0,0,18,0,0,2,1,20
Ziaur Rahman,6,Bengal Warriors,0,0,0,0,0,12,0,0,0,0,12
